{"type":"FeatureCollection","features":[{"type":"Feature","properties":{"platLot":1,"acres":1.24,"phase":2,"block":3,"lot":60,"status":"available","statusText":"Available Lot","builder":null,"lotPrice":180000,"homePrice":null,"address":null,"mls":null},"geometry":{"type":"Polygon","coordinates":[[[-116.7515575,43.7654623],[-116.7504328,43.7654545],[-116.7502336,43.7654513],[-116.7505131,43.7656816],[-116.7505135,43.765682],[-116.7509168,43.7660141],[-116.7509185,43.7660155],[-116.7511147,43.7661772],[-116.7515531,43.7658638],[-116.7515575,43.7654623]]]}},{"type":"Feature","properties":{"platLot":2,"acres":1.14,"phase":2,"block":3,"lot":42,"status":"available","statusText":"Available Lot","builder":null,"lotPrice":225000,"homePrice":null,"address":null,"mls":null},"geometry":{"type":"Polygon","coordinates":[[[-116.7506144,43.7660141],[-116.750207,43.7656816],[-116.7499236,43.7654513],[-116.7497996,43.765349],[-116.7497332,43.7654002],[-116.7496978,43.7660941],[-116.7498882,43.7664202],[-116.7506144,43.7660141]]]}},{"type":"Feature","properties":{"platLot":3,"acres":1.05,"phase":2,"block":2,"lot":52,"status":"available","statusText":"Available Lot","builder":null,"lotPrice":219000,"homePrice":null,"address":null,"mls":null},"geometry":{"type":"Polygon","coordinates":[[[-116.7510616,43.766385],[-116.7510527,43.7663755],[-116.750973,43.7663083],[-116.7509288,43.7662731],[-116.7508845,43.766238],[-116.7508092,43.7661772],[-116.7506144,43.7660141],[-116.7498882,43.7664202],[-116.7501193,43.7668281],[-116.7501274,43.7668423],[-116.7510616,43.766385]]]}},{"type":"Feature","properties":{"platLot":4,"acres":1.7,"phase":2,"block":3,"lot":59,"status":"available","statusText":"Available Lot","builder":null,"lotPrice":215000,"homePrice":null,"address":null,"mls":null},"geometry":{"type":"Polygon","coordinates":[[[-116.751345,43.766385],[-116.7514304,43.7664776],[-116.7514304,43.7664776],[-116.7514338,43.7664809],[-116.7514344,43.7664805],[-116.7514344,43.7664805],[-116.7521686,43.7660813],[-116.7526025,43.765608],[-116.752297,43.7654673],[-116.7515575,43.7654623],[-116.7515531,43.7658638],[-116.7511147,43.7661772],[-116.7511591,43.766213],[-116.75119,43.766238],[-116.7512299,43.7662731],[-116.7512697,43.7663083],[-116.7513361,43.7663755],[-116.751345,43.766385]]]}},{"type":"Feature","properties":{"platLot":5,"acres":1.17,"phase":2,"block":2,"lot":51,"status":"available","statusText":"Available Lot","builder":null,"lotPrice":220000,"homePrice":null,"address":null,"mls":null},"geometry":{"type":"Polygon","coordinates":[[[-116.7514557,43.7668839],[-116.7514476,43.7668707],[-116.7510745,43.7663977],[-116.7510616,43.766385],[-116.7501274,43.7668423],[-116.7502247,43.7670118],[-116.7502601,43.7671429],[-116.7514557,43.7668839]]]}},{"type":"Feature","properties":{"platLot":6,"acres":2.39,"phase":2,"block":3,"lot":58,"status":"available","statusText":"Available Lot","builder":null,"lotPrice":235000,"homePrice":null,"address":null,"mls":null},"geometry":{"type":"Polygon","coordinates":[[[-116.7516284,43.7667528],[-116.7516572,43.7668004],[-116.7516572,43.7668004],[-116.7516594,43.7668039],[-116.7524608,43.766449],[-116.7533639,43.7664554],[-116.753373,43.765963],[-116.7526025,43.765608],[-116.7521686,43.7660813],[-116.7514344,43.7664805],[-116.7514348,43.766481],[-116.751435,43.7664814],[-116.7514365,43.7664836],[-116.7514384,43.7664862],[-116.7514384,43.7664862],[-116.7514513,43.7665002],[-116.7515177,43.7665865],[-116.7515442,43.7666217],[-116.751593,43.766692],[-116.7516284,43.7667528]]]}},{"type":"Feature","properties":{"platLot":7,"acres":1.87,"phase":2,"block":3,"lot":57,"status":"available","statusText":"Available Lot","builder":null,"lotPrice":245000,"homePrice":null,"address":null,"mls":null},"geometry":{"type":"Polygon","coordinates":[[[-116.7518094,43.7671912],[-116.7518099,43.7671941],[-116.75239,43.766999],[-116.7533537,43.7670086],[-116.7533639,43.7664554],[-116.7524608,43.766449],[-116.7516594,43.7668039],[-116.7516626,43.7668104],[-116.7516626,43.7668104],[-116.7516992,43.7668839],[-116.7517214,43.7669318],[-116.7517524,43.7670182],[-116.7517701,43.7670629],[-116.7517966,43.7671525],[-116.7518096,43.7671931],[-116.7518094,43.7671912]]]}},{"type":"Feature","properties":{"platLot":8,"acres":1.23,"phase":2,"block":2,"lot":50,"status":"available","statusText":"Available Lot","builder":null,"lotPrice":220000,"homePrice":null,"address":null,"mls":null},"geometry":{"type":"Polygon","coordinates":[[[-116.7516151,43.7674307],[-116.7516084,43.7674275],[-116.7516082,43.7674274],[-116.751615,43.7674275],[-116.7516149,43.7674257],[-116.7516129,43.7674076],[-116.7514738,43.7669318],[-116.7514734,43.7669305],[-116.751467,43.7669083],[-116.7514557,43.7668839],[-116.7502601,43.7671429],[-116.7503354,43.7674531],[-116.7516151,43.7674307]]]}},{"type":"Feature","properties":{"platLot":9,"acres":1.72,"phase":2,"block":3,"lot":56,"status":"available","statusText":"Available Lot","builder":null,"lotPrice":245000,"homePrice":null,"address":null,"mls":null},"geometry":{"type":"Polygon","coordinates":[[[-116.7518498,43.7675425],[-116.7518498,43.7675426],[-116.753342,43.7675586],[-116.7533464,43.7674051],[-116.7533537,43.7670086],[-116.75239,43.766999],[-116.7518099,43.7671941],[-116.7518109,43.7671993],[-116.7518109,43.7671993],[-116.7518276,43.76729],[-116.7518321,43.7673092],[-116.7518452,43.7674257],[-116.7518454,43.7674275],[-116.7518519,43.7674307],[-116.7518521,43.7674308],[-116.7518457,43.7674307],[-116.7518454,43.7674307],[-116.7518498,43.7675426],[-116.7518498,43.7675425]]]}},{"type":"Feature","properties":{"platLot":10,"acres":1.21,"phase":2,"block":2,"lot":47,"status":"available","statusText":"Available Lot","builder":null,"lotPrice":215000,"homePrice":null,"address":null,"mls":null},"geometry":{"type":"Polygon","coordinates":[[[-116.751593,43.7679519],[-116.7516006,43.7679075],[-116.7516037,43.7678752],[-116.7516038,43.7678743],[-116.7516076,43.7678336],[-116.7516077,43.767833],[-116.7516126,43.7677807],[-116.7516151,43.7677153],[-116.751615,43.7677153],[-116.751615,43.7677153],[-116.751615,43.7677152],[-116.7516091,43.7677121],[-116.751609,43.767712],[-116.7516151,43.7677121],[-116.7516194,43.767565],[-116.7516194,43.7675649],[-116.7516146,43.7675618],[-116.7516145,43.7675617],[-116.7516195,43.7675618],[-116.7516195,43.7675538],[-116.7516195,43.7675426],[-116.7516151,43.7674307],[-116.7503354,43.7674531],[-116.7503971,43.7677076],[-116.7503971,43.7677077],[-116.7503974,43.7677089],[-116.7503971,43.7677077],[-116.7503958,43.7677087],[-116.7502916,43.7677948],[-116.7502911,43.7677952],[-116.7502911,43.7677952],[-116.751593,43.7679519]]]}},{"type":"Feature","properties":{"platLot":11,"acres":1.78,"phase":2,"block":3,"lot":55,"status":"reserved","statusText":"Reserved Lot","builder":null,"lotPrice":null,"homePrice":null,"address":null,"mls":null},"geometry":{"type":"Polygon","coordinates":[[[-116.7518232,43.7679519],[-116.7518109,43.7680289],[-116.7518099,43.768035],[-116.7524166,43.7680958],[-116.7533332,43.7681022],[-116.753342,43.7675586],[-116.7518498,43.7675426],[-116.7518499,43.7675467],[-116.7518498,43.7675453],[-116.7518498,43.7675538],[-116.7518498,43.7675618],[-116.7518499,43.7675618],[-116.7518499,43.7675618],[-116.7518499,43.7675618],[-116.7518498,43.767565],[-116.7518455,43.7677096],[-116.7518454,43.7677121],[-116.7518456,43.7677121],[-116.7518456,43.7677122],[-116.7518503,43.7677153],[-116.7518504,43.7677153],[-116.7518454,43.7677153],[-116.7518452,43.7677174],[-116.7518365,43.7678336],[-116.7518321,43.7678752],[-116.7518232,43.7679519]]]}},{"type":"Feature","properties":{"platLot":12,"acres":1.32,"phase":2,"block":2,"lot":48,"status":"available","statusText":"Available Lot","builder":null,"lotPrice":220000,"homePrice":null,"address":null,"mls":null},"geometry":{"type":"Polygon","coordinates":[[[-116.7513893,43.7685339],[-116.7513981,43.7685115],[-116.7513995,43.7685089],[-116.7515675,43.768035],[-116.7515682,43.7680329],[-116.751587,43.76798],[-116.751593,43.7679519],[-116.7502911,43.7677952],[-116.7502922,43.7677976],[-116.7505081,43.7682908],[-116.7513893,43.7685339]]]}},{"type":"Feature","properties":{"platLot":13,"acres":1.64,"phase":2,"block":3,"lot":54,"status":"available","statusText":"Available Lot","builder":null,"lotPrice":245000,"homePrice":null,"address":null,"mls":null},"geometry":{"type":"Polygon","coordinates":[[[-116.7517435,43.7682749],[-116.7517011,43.7683882],[-116.7516992,43.7683932],[-116.7524476,43.7685946],[-116.7533287,43.7686042],[-116.7533332,43.7683452],[-116.7533332,43.7681022],[-116.7524166,43.7680958],[-116.7518099,43.768035],[-116.7518084,43.7680409],[-116.7517922,43.7681022],[-116.7517789,43.7681565],[-116.7517524,43.7682493],[-116.7517435,43.7682749]]]}},{"type":"Feature","properties":{"platLot":14,"acres":1.89,"phase":2,"block":3,"lot":53,"status":"available","statusText":"Available Lot","builder":null,"lotPrice":245000,"homePrice":null,"address":null,"mls":null},"geometry":{"type":"Polygon","coordinates":[[[-116.7515575,43.768665],[-116.7515175,43.7687314],[-116.7515154,43.7687355],[-116.7515138,43.7687383],[-116.7515137,43.7687385],[-116.7515137,43.7687387],[-116.7515136,43.7687387],[-116.75239,43.7691094],[-116.7533199,43.769135],[-116.7533287,43.7686042],[-116.7524476,43.7685946],[-116.7516992,43.7683932],[-116.7516964,43.768399],[-116.7516417,43.7685115],[-116.7516328,43.7685339],[-116.7515841,43.7686266],[-116.7515575,43.768665]]]}},{"type":"Feature","properties":{"platLot":15,"acres":2.11,"phase":2,"block":3,"lot":52,"status":"available","statusText":"Available Lot","builder":null,"lotPrice":245000,"homePrice":null,"address":null,"mls":null},"geometry":{"type":"Polygon","coordinates":[[[-116.7512608,43.7690615],[-116.7512587,43.7690615],[-116.7512581,43.7690623],[-116.7522793,43.7695987],[-116.753311,43.7696466],[-116.7533199,43.769135],[-116.75239,43.7691094],[-116.7515136,43.7687387],[-116.7515136,43.7687387],[-116.7515119,43.7687408],[-116.7515102,43.768743],[-116.7514778,43.7687897],[-116.7514335,43.7688472],[-116.7513893,43.768908],[-116.7513494,43.768956],[-116.7512874,43.7690263],[-116.7512786,43.7690391],[-116.7512697,43.7690487],[-116.7512653,43.7690551],[-116.7512631,43.7690583],[-116.7512631,43.7690583],[-116.7512609,43.7690615],[-116.7512608,43.7690615]]]}},{"type":"Feature","properties":{"platLot":16,"acres":1.21,"phase":2,"block":2,"lot":49,"status":"available","statusText":"Available Lot","builder":null,"lotPrice":220000,"homePrice":null,"address":null,"mls":null},"geometry":{"type":"Polygon","coordinates":[[[-116.7508579,43.7690455],[-116.7508685,43.7690455],[-116.7510107,43.7690284],[-116.7510129,43.7690263],[-116.7510361,43.7690017],[-116.7510709,43.768956],[-116.7510726,43.7689537],[-116.7513211,43.7686266],[-116.7513223,43.768625],[-116.751379,43.7685503],[-116.7513893,43.7685339],[-116.7505081,43.7682908],[-116.7501096,43.7686906],[-116.7502007,43.7687289],[-116.7502011,43.7687291],[-116.7503753,43.7688025],[-116.750427,43.768828],[-116.7504274,43.7688282],[-116.7506277,43.7689272],[-116.7506525,43.76894],[-116.7506527,43.7689401],[-116.7508579,43.7690455]]]}},{"type":"Feature","properties":{"platLot":17,"acres":1.67,"phase":2,"block":2,"lot":46,"status":"available","statusText":"Available Lot","builder":null,"lotPrice":235000,"homePrice":null,"address":null,"mls":null},"geometry":{"type":"Polygon","coordinates":[[[-116.7499767,43.7686394],[-116.7501096,43.7686906],[-116.7505081,43.7682908],[-116.7502922,43.7677976],[-116.7502886,43.7677972],[-116.7502844,43.7677969],[-116.7501217,43.7677819],[-116.7501225,43.7677822],[-116.7501225,43.7677822],[-116.7501214,43.7677819],[-116.7501205,43.7677818],[-116.7501213,43.7677819],[-116.7496633,43.7676498],[-116.7496314,43.7679583],[-116.7492904,43.7684092],[-116.7492906,43.7684092],[-116.7493623,43.7684315],[-116.7493625,43.7684316],[-116.7493932,43.7684411],[-116.7494675,43.7684635],[-116.7495472,43.7684891],[-116.7495661,43.7684955],[-116.7495662,43.7684955],[-116.7495877,43.7685028],[-116.7496446,43.7685211],[-116.7496889,43.7685371],[-116.7497173,43.7685467],[-116.7497174,43.7685467],[-116.7497276,43.7685501],[-116.7497376,43.7685531],[-116.7497421,43.7685531],[-116.7497421,43.7685531],[-116.749745,43.7685552],[-116.7497465,43.7685562],[-116.7497509,43.7685562],[-116.749751,43.7685563],[-116.7497598,43.7685594],[-116.7498306,43.768585],[-116.7499767,43.7686394]]]}},{"type":"Feature","properties":{"platLot":18,"acres":1.31,"phase":2,"block":2,"lot":33,"status":"available","statusText":"Available Lot","builder":null,"lotPrice":238000,"homePrice":null,"address":null,"mls":null},"geometry":{"type":"Polygon","coordinates":[[[-116.7492869,43.7684081],[-116.7492904,43.7684092],[-116.7496314,43.7679583],[-116.7496633,43.7676498],[-116.7495139,43.7676067],[-116.7495125,43.7676066],[-116.748945,43.767597],[-116.7485509,43.7674243],[-116.7488786,43.7682429],[-116.748887,43.7682409],[-116.7489052,43.7682365],[-116.7489229,43.7682301],[-116.7489583,43.7682269],[-116.7489605,43.7682269],[-116.7489827,43.7682269],[-116.7490159,43.7682269],[-116.749038,43.7682301],[-116.7490646,43.7682365],[-116.749084,43.7682421],[-116.749084,43.7682421],[-116.7490867,43.7682429],[-116.7490972,43.7682459],[-116.7491089,43.7682493],[-116.7491266,43.7682589],[-116.7491443,43.7682685],[-116.7491576,43.7682813],[-116.7491797,43.768294],[-116.7491886,43.7683068],[-116.7492018,43.7683228],[-116.7492107,43.7683356],[-116.7492182,43.7683518],[-116.7492219,43.7683548],[-116.749222,43.7683549],[-116.7492284,43.7683602],[-116.7492336,43.7683644],[-116.7492337,43.7683645],[-116.7492375,43.7683676],[-116.7492376,43.7683676],[-116.7492869,43.7684081]]]}},{"type":"Feature","properties":{"platLot":19,"acres":2.86,"phase":2,"block":2,"lot":44,"status":"available","statusText":"Available Lot","builder":null,"lotPrice":295000,"homePrice":null,"address":null,"mls":null},"geometry":{"type":"Polygon","coordinates":[[[-116.7487356,43.7684028],[-116.7487356,43.7684027],[-116.7487369,43.7684028],[-116.7487369,43.7683996],[-116.7487347,43.7683996],[-116.7487347,43.7683996],[-116.7487369,43.7683932],[-116.7487413,43.7683804],[-116.7487413,43.7683756],[-116.7487413,43.7683676],[-116.7487399,43.7683676],[-116.7487399,43.7683676],[-116.7487413,43.7683644],[-116.7487413,43.7683612],[-116.7487458,43.7683548],[-116.748759,43.7683356],[-116.7487635,43.7683228],[-116.7487768,43.7683068],[-116.74879,43.768294],[-116.7488078,43.7682813],[-116.7488255,43.7682685],[-116.7488387,43.7682589],[-116.7488609,43.7682493],[-116.7488786,43.7682429],[-116.7485509,43.7674243],[-116.7480169,43.7671885],[-116.747594,43.7674388],[-116.7474484,43.7680031],[-116.7476698,43.768374],[-116.7487412,43.7684315],[-116.7487413,43.7684315],[-116.7487369,43.7684092],[-116.7487356,43.7684028]]]}},{"type":"Feature","properties":{"platLot":20,"acres":1.63,"phase":2,"block":2,"lot":43,"status":"available","statusText":"Available Lot","builder":null,"lotPrice":225000,"homePrice":null,"address":null,"mls":null},"geometry":{"type":"Polygon","coordinates":[[[-116.7489738,43.7685818],[-116.7489583,43.7685818],[-116.748914,43.7685754],[-116.7488844,43.7685659],[-116.7488766,43.768566],[-116.7488763,43.768566],[-116.7488759,43.7685656],[-116.7488697,43.7685626],[-116.748869,43.7685623],[-116.7488565,43.7685562],[-116.7488542,43.7685562],[-116.7488541,43.7685562],[-116.7488476,43.7685531],[-116.7488475,43.768553],[-116.7488343,43.7685467],[-116.7487989,43.7685211],[-116.7487723,43.7684955],[-116.7487723,43.7684955],[-116.7487679,43.7684891],[-116.7487502,43.7684635],[-116.7487427,43.7684365],[-116.7487424,43.7684369],[-116.7487414,43.7684317],[-116.7487412,43.7684315],[-116.7487412,43.7684315],[-116.7487412,43.7684315],[-116.7476698,43.768374],[-116.7476919,43.7684156],[-116.7476933,43.768418],[-116.7476939,43.7684159],[-116.7476934,43.7684181],[-116.7476934,43.7684183],[-116.7476525,43.7685981],[-116.7476525,43.7685982],[-116.7481834,43.7691094],[-116.7483207,43.7692437],[-116.7488078,43.7689719],[-116.7491306,43.7685592],[-116.7491067,43.7685647],[-116.7490941,43.7685648],[-116.7490889,43.7685648],[-116.7490593,43.7685743],[-116.7490557,43.7685754],[-116.7490513,43.7685754],[-116.749007,43.7685818],[-116.7489738,43.7685818]]]}},{"type":"Feature","properties":{"platLot":21,"acres":1.94,"phase":2,"block":2,"lot":42,"status":"available","statusText":"Available Lot","builder":null,"lotPrice":247000,"homePrice":null,"address":null,"mls":null},"geometry":{"type":"Polygon","coordinates":[[[-116.7494525,43.7686393],[-116.7494542,43.7686394],[-116.7492771,43.768585],[-116.7491974,43.7685594],[-116.7491753,43.7685562],[-116.749162,43.7685531],[-116.7491509,43.7685531],[-116.7491465,43.7685531],[-116.7491465,43.7685531],[-116.7491354,43.7685531],[-116.7491329,43.7685562],[-116.7491404,43.768557],[-116.7491306,43.7685592],[-116.7488078,43.7689719],[-116.7483207,43.7692437],[-116.7487679,43.7696722],[-116.7494808,43.7692949],[-116.7499851,43.7688286],[-116.7499836,43.768828],[-116.7499821,43.7688275],[-116.7494529,43.7686394],[-116.7494525,43.7686393]]]}},{"type":"Feature","properties":{"platLot":22,"acres":1.42,"phase":2,"block":2,"lot":41,"status":"available","statusText":"Available Lot","builder":null,"lotPrice":225000,"homePrice":null,"address":null,"mls":null},"geometry":{"type":"Polygon","coordinates":[[[-116.7500713,43.7697544],[-116.7500716,43.7697543],[-116.7501116,43.7697266],[-116.7501124,43.769726],[-116.7507155,43.7693093],[-116.7507251,43.7693013],[-116.7507384,43.7692917],[-116.750743,43.769285],[-116.7507454,43.7692789],[-116.7507454,43.7692788],[-116.7507503,43.7692661],[-116.7507504,43.7692659],[-116.7507565,43.7692501],[-116.7507566,43.7692499],[-116.7507605,43.7692399],[-116.7507605,43.7692373],[-116.7507605,43.7692294],[-116.7507605,43.7692271],[-116.7507557,43.7692214],[-116.7507555,43.7692211],[-116.750745,43.7692086],[-116.7507448,43.7692083],[-116.7507343,43.7691958],[-116.750734,43.7691955],[-116.7507236,43.769183],[-116.7507234,43.7691828],[-116.7507155,43.7691734],[-116.7507155,43.7691734],[-116.7507151,43.7691728],[-116.7506764,43.7691542],[-116.7504953,43.7690617],[-116.7504948,43.7690615],[-116.7504948,43.7690615],[-116.7504947,43.7690615],[-116.7504878,43.7690583],[-116.7504877,43.7690582],[-116.7504738,43.7690519],[-116.7504737,43.7690518],[-116.7504598,43.7690455],[-116.7504596,43.7690454],[-116.7499865,43.7688291],[-116.7499851,43.7688286],[-116.7494808,43.7692949],[-116.7494941,43.7693045],[-116.7500695,43.7697552],[-116.7500713,43.7697544]]]}},{"type":"Feature","properties":{"platLot":23,"acres":1.26,"phase":2,"block":2,"lot":40,"status":"available","statusText":"Available Lot","builder":null,"lotPrice":239000,"homePrice":null,"address":null,"mls":null},"geometry":{"type":"Polygon","coordinates":[[[-116.7491266,43.7701199],[-116.7491722,43.7701079],[-116.7491743,43.7701071],[-116.7491743,43.7701071],[-116.7492149,43.7700911],[-116.7492156,43.7700908],[-116.7500689,43.7697554],[-116.7500693,43.7697552],[-116.7500695,43.7697552],[-116.7494941,43.7693045],[-116.7494808,43.7692949],[-116.7487679,43.7696722],[-116.7491266,43.7701199]]]}},{"type":"Feature","properties":{"platLot":24,"acres":1.67,"phase":2,"block":3,"lot":51,"status":"available","statusText":"Available Lot","builder":null,"lotPrice":260000,"homePrice":null,"address":null,"mls":null},"geometry":{"type":"Polygon","coordinates":[[[-116.7508183,43.769478],[-116.7508079,43.7694871],[-116.7508048,43.76949],[-116.7515487,43.769976],[-116.752111,43.7699568],[-116.7522793,43.7695987],[-116.7512581,43.7690623],[-116.751258,43.7690623],[-116.7511702,43.7691517],[-116.7511679,43.7691542],[-116.751167,43.7691551],[-116.7511477,43.7691734],[-116.7511476,43.7691735],[-116.7511375,43.769183],[-116.7511375,43.769183],[-116.7511321,43.7691881],[-116.7511241,43.7691958],[-116.7511241,43.7691958],[-116.7511106,43.7692086],[-116.7511106,43.7692086],[-116.7510971,43.7692214],[-116.7510971,43.7692214],[-116.7510967,43.7692218],[-116.7510837,43.7692373],[-116.7510692,43.7692478],[-116.7510668,43.7692501],[-116.7510668,43.7692502],[-116.7510632,43.7692536],[-116.7510527,43.7692661],[-116.7510461,43.7692725],[-116.7510395,43.7692789],[-116.7510328,43.7692853],[-116.7510262,43.7692917],[-116.7510129,43.7693013],[-116.7510162,43.7693013],[-116.751016,43.7693014],[-116.7508863,43.7694196],[-116.7508855,43.7694203],[-116.7508653,43.7694387],[-116.7508652,43.7694388],[-116.750865,43.769439],[-116.750865,43.769439],[-116.7508183,43.769478]]]}},{"type":"Feature","properties":{"platLot":25,"acres":2.15,"phase":2,"block":3,"lot":48,"status":"available","statusText":"Available Lot","builder":null,"lotPrice":235000,"homePrice":null,"address":null,"mls":null},"geometry":{"type":"Polygon","coordinates":[[[-116.7520045,43.7707945],[-116.7520045,43.7707945],[-116.7520048,43.7707946],[-116.7523546,43.7703341],[-116.7523944,43.7703949],[-116.7532977,43.7704045],[-116.753311,43.7696466],[-116.7522793,43.7695987],[-116.752111,43.7699568],[-116.752235,43.7701487],[-116.7517549,43.7707816],[-116.7517652,43.7707818],[-116.7517679,43.7707813],[-116.7517761,43.7707793],[-116.7517789,43.7707786],[-116.7517813,43.7707786],[-116.7517834,43.7707786],[-116.7518213,43.7707695],[-116.7518232,43.770769],[-116.7518276,43.770769],[-116.7518719,43.7707658],[-116.7519162,43.770769],[-116.7519206,43.770769],[-116.7519228,43.7707695],[-116.7519649,43.7707786],[-116.7519693,43.7707786],[-116.7519698,43.7707789],[-116.7519712,43.77078],[-116.7519738,43.7707818],[-116.7519752,43.7707818],[-116.7519753,43.7707818],[-116.7519826,43.770785],[-116.7519828,43.7707851],[-116.7519828,43.7707851],[-116.7520046,43.7707945],[-116.7520045,43.7707945]]]}},{"type":"Feature","properties":{"platLot":26,"acres":1.39,"phase":2,"block":3,"lot":47,"status":"available","statusText":"Available Lot","builder":null,"lotPrice":219000,"homePrice":null,"address":null,"mls":null},"geometry":{"type":"Polygon","coordinates":[[[-116.7521199,43.7709305],[-116.7521199,43.7709353],[-116.7521225,43.7709353],[-116.7521225,43.7709353],[-116.7532889,43.7709449],[-116.7532971,43.7704431],[-116.7532977,43.7704045],[-116.7523944,43.7703949],[-116.7523546,43.7703341],[-116.7520048,43.7707946],[-116.7520109,43.7707973],[-116.7520088,43.7707971],[-116.7520402,43.770817],[-116.7520712,43.7708426],[-116.7520977,43.7708713],[-116.752111,43.7709033],[-116.7521155,43.7709193],[-116.7521155,43.7709289],[-116.7521199,43.7709289],[-116.7521199,43.770929],[-116.7521199,43.7709305]]]}},{"type":"Feature","properties":{"platLot":27,"acres":2.21,"phase":2,"block":3,"lot":46,"status":"available","statusText":"Available Lot","builder":null,"lotPrice":235000,"homePrice":null,"address":null,"mls":null},"geometry":{"type":"Polygon","coordinates":[[[-116.7520225,43.7710856],[-116.7519996,43.771095],[-116.751997,43.7710984],[-116.7519969,43.7710985],[-116.7519968,43.7710986],[-116.751995,43.771101],[-116.751995,43.771101],[-116.7519946,43.7711016],[-116.7519945,43.7711017],[-116.7519943,43.771102],[-116.7526512,43.7719426],[-116.7532712,43.771949],[-116.7532756,43.771949],[-116.7532889,43.771028],[-116.7532889,43.7709449],[-116.7521225,43.7709353],[-116.7521225,43.7709353],[-116.7521211,43.7709371],[-116.7521221,43.7709385],[-116.7521221,43.7709385],[-116.75212,43.7709385],[-116.7521199,43.7709387],[-116.7521199,43.7709392],[-116.7521199,43.7709392],[-116.7521199,43.7709465],[-116.7521199,43.7709513],[-116.7521155,43.7709641],[-116.7521155,43.7709705],[-116.752118,43.7709705],[-116.752118,43.7709705],[-116.7521155,43.7709769],[-116.7521066,43.7709993],[-116.7521041,43.7710056],[-116.7521022,43.7710088],[-116.7520889,43.7710312],[-116.7520909,43.771032],[-116.7520858,43.7710365],[-116.7520851,43.7710376],[-116.7520851,43.7710376],[-116.7520845,43.7710376],[-116.7520623,43.7710568],[-116.7520579,43.7710632],[-116.7520313,43.7710792],[-116.7520225,43.7710856]]]}},{"type":"Feature","properties":{"platLot":28,"acres":1.42,"phase":2,"block":3,"lot":45,"status":"available","statusText":"Available Lot","builder":null,"lotPrice":225000,"homePrice":null,"address":null,"mls":null},"geometry":{"type":"Polygon","coordinates":[[[-116.7518763,43.771124],[-116.7518321,43.7711208],[-116.7517922,43.7711144],[-116.7517878,43.7711112],[-116.7517568,43.7711016],[-116.7517524,43.7710984],[-116.7517229,43.7710862],[-116.7517226,43.7710862],[-116.7517232,43.7710869],[-116.7517232,43.7710869],[-116.7517222,43.7710862],[-116.7517212,43.7710861],[-116.7513893,43.7719328],[-116.7515575,43.7719342],[-116.7526512,43.7719426],[-116.7519943,43.771102],[-116.751994,43.7711017],[-116.751987,43.7711016],[-116.7519561,43.7711112],[-116.7519516,43.7711144],[-116.7519162,43.7711208],[-116.7519073,43.7711208],[-116.7518763,43.771124]]]}},{"type":"Feature","properties":{"platLot":29,"acres":1.52,"phase":2,"block":3,"lot":44,"status":"available","statusText":"Available Lot","builder":null,"lotPrice":225000,"homePrice":null,"address":null,"mls":null},"geometry":{"type":"Polygon","coordinates":[[[-116.7517214,43.7710856],[-116.7517125,43.7710792],[-116.7516859,43.7710632],[-116.7516815,43.7710568],[-116.7516594,43.7710376],[-116.7516587,43.7710376],[-116.7516587,43.7710376],[-116.7516581,43.7710365],[-116.7516549,43.7710312],[-116.7516417,43.7710088],[-116.7516398,43.7710056],[-116.7516372,43.7709993],[-116.7516285,43.7709772],[-116.7516284,43.7709771],[-116.7516282,43.7709769],[-116.7516282,43.7709769],[-116.7516218,43.7709705],[-116.7516217,43.7709704],[-116.7516153,43.7709641],[-116.7516152,43.770964],[-116.7515801,43.7709289],[-116.75158,43.7709288],[-116.7515705,43.7709193],[-116.7515705,43.7709193],[-116.7515702,43.7709191],[-116.7515301,43.7709033],[-116.7515301,43.7709033],[-116.751506,43.7708938],[-116.7514468,43.7708713],[-116.7513716,43.7708426],[-116.7513096,43.770817],[-116.7512966,43.7708115],[-116.7512535,43.7707946],[-116.7512533,43.7707945],[-116.7512291,43.770785],[-116.7512276,43.770785],[-116.7512275,43.7707849],[-116.751221,43.7707818],[-116.7512077,43.7707754],[-116.7511893,43.7707688],[-116.7511893,43.7707688],[-116.7511812,43.7707658],[-116.7508623,43.7714437],[-116.7508535,43.7719266],[-116.75134,43.7719324],[-116.7513893,43.7719328],[-116.7517212,43.7710861],[-116.7517212,43.7710861],[-116.7517214,43.7710856]]]}},{"type":"Feature","properties":{"platLot":30,"acres":1.11,"phase":2,"block":3,"lot":49,"status":"available","statusText":"Available Lot","builder":null,"lotPrice":249000,"homePrice":null,"address":null,"mls":null},"geometry":{"type":"Polygon","coordinates":[[[-116.7514911,43.7706987],[-116.7516044,43.7707451],[-116.7516571,43.7707658],[-116.7516579,43.7707661],[-116.7516794,43.7707746],[-116.7516859,43.7707754],[-116.7516866,43.7707755],[-116.7517531,43.7707841],[-116.7517548,43.7707818],[-116.7517549,43.7707816],[-116.752235,43.7701487],[-116.752111,43.7699568],[-116.7515487,43.769976],[-116.7512523,43.7706053],[-116.7512533,43.7706059],[-116.7512536,43.7706061],[-116.7512549,43.7706069],[-116.7512569,43.7706077],[-116.751314,43.7706283],[-116.7513317,43.7706379],[-116.7514911,43.7706987]]]}},{"type":"Feature","properties":{"platLot":31,"acres":1.68,"phase":2,"block":3,"lot":40,"status":"available","statusText":"Available Lot","builder":null,"lotPrice":245000,"homePrice":null,"address":null,"mls":null},"geometry":{"type":"Polygon","coordinates":[[[-116.7503841,43.7700336],[-116.7505626,43.7701876],[-116.7505669,43.7701902],[-116.7505679,43.7701908],[-116.7505684,43.7701911],[-116.7512523,43.7706053],[-116.7515487,43.769976],[-116.7508048,43.76949],[-116.7507983,43.7694947],[-116.7507983,43.7694947],[-116.7507384,43.7695379],[-116.7506454,43.7696115],[-116.7505878,43.7696498],[-116.7504771,43.7697266],[-116.7504328,43.7697554],[-116.7503153,43.7698232],[-116.7503063,43.7698294],[-116.7503042,43.7698321],[-116.7503034,43.7698332],[-116.7502994,43.7698385],[-116.7502993,43.7698386],[-116.750297,43.7698417],[-116.7502969,43.7698418],[-116.7502656,43.7698833],[-116.7502654,43.7698835],[-116.7502607,43.7698898],[-116.7502634,43.7698961],[-116.7502635,43.7698963],[-116.7502704,43.7699121],[-116.7502705,43.7699124],[-116.7502816,43.7699376],[-116.7502817,43.7699378],[-116.7502872,43.7699504],[-116.7502872,43.7699504],[-116.7502874,43.7699511],[-116.7503276,43.7699856],[-116.7503277,43.7699857],[-116.7503499,43.7700048],[-116.75035,43.7700048],[-116.7503537,43.770008],[-116.7503561,43.770008],[-116.7503561,43.770008],[-116.750362,43.7700144],[-116.7503654,43.7700181],[-116.7503722,43.770024],[-116.7503723,43.770024],[-116.7503797,43.7700304],[-116.7503841,43.7700336]]]}},{"type":"Feature","properties":{"platLot":32,"acres":1.43,"phase":2,"block":3,"lot":43,"status":"available","statusText":"Available Lot","builder":null,"lotPrice":235000,"homePrice":null,"address":null,"mls":null},"geometry":{"type":"Polygon","coordinates":[[[-116.7511812,43.7707658],[-116.7510306,43.7706987],[-116.7509066,43.7706379],[-116.7508889,43.7706283],[-116.7508491,43.7706059],[-116.7507561,43.7705516],[-116.7507295,43.7705356],[-116.7506327,43.7704748],[-116.7506277,43.7704716],[-116.7500033,43.7708362],[-116.7505922,43.7714245],[-116.7508623,43.7714437],[-116.7511812,43.7707658]]]}},{"type":"Feature","properties":{"platLot":33,"acres":1.14,"phase":2,"block":2,"lot":53,"status":"available","statusText":"Available Lot","builder":null,"lotPrice":185000,"homePrice":null,"address":null,"mls":null},"geometry":{"type":"Polygon","coordinates":[[[-116.7506207,43.7704673],[-116.7506207,43.7704673],[-116.7506241,43.7704691],[-116.7506099,43.7704588],[-116.7505159,43.770391],[-116.7505081,43.7703853],[-116.7505003,43.7703796],[-116.7504948,43.7703757],[-116.750393,43.7702958],[-116.7503797,43.7702862],[-116.7503,43.7702171],[-116.7502682,43.7701902],[-116.750268,43.77019],[-116.7500871,43.770037],[-116.7499318,43.7700196],[-116.7498572,43.7700496],[-116.7497598,43.7700911],[-116.7497199,43.7701071],[-116.7496944,43.7701163],[-116.7496845,43.7701199],[-116.7496746,43.7701235],[-116.7495782,43.7701583],[-116.7494119,43.7702126],[-116.7493947,43.770219],[-116.7493949,43.770219],[-116.749394,43.7702193],[-116.7493938,43.7702193],[-116.7493929,43.7702197],[-116.7499945,43.7708234],[-116.7500033,43.7708362],[-116.7506277,43.7704716],[-116.7506207,43.7704673]]]}},{"type":"Feature","properties":{"platLot":34,"acres":3.32,"phase":2,"block":3,"lot":41,"status":"available","statusText":"Available Lot","builder":null,"lotPrice":248000,"homePrice":null,"address":null,"mls":null},"geometry":{"type":"Polygon","coordinates":[[[-116.7490867,43.7703054],[-116.7489895,43.7703311],[-116.749441,43.7708106],[-116.749441,43.7711911],[-116.7494321,43.7719138],[-116.7508535,43.7719266],[-116.7508623,43.7714437],[-116.7505922,43.7714245],[-116.7500033,43.7708362],[-116.7499945,43.7708234],[-116.7493929,43.7702197],[-116.7493928,43.7702196],[-116.7493429,43.770234],[-116.749255,43.7702606],[-116.7490867,43.7703054]]]}},{"type":"Feature","properties":{"platLot":35,"acres":1.68,"phase":2,"block":3,"lot":50,"status":"available","statusText":"Available Lot","builder":null,"lotPrice":235000,"homePrice":null,"address":null,"mls":null},"geometry":{"type":"Polygon","coordinates":[[[-116.7483871,43.770494],[-116.7483932,43.770494],[-116.7483931,43.7704941],[-116.7483698,43.7705011],[-116.7483615,43.7705036],[-116.7483614,43.7705036],[-116.7483556,43.7705054],[-116.7483297,43.7705132],[-116.7483295,43.7705133],[-116.748298,43.7705228],[-116.7482977,43.7705229],[-116.7482035,43.7705514],[-116.7482029,43.7705516],[-116.7482026,43.7705517],[-116.7482014,43.7705521],[-116.7486041,43.7712167],[-116.749441,43.7711911],[-116.749441,43.7708106],[-116.7489895,43.7703311],[-116.748954,43.7703405],[-116.7489539,43.7703405],[-116.7489539,43.7703405],[-116.7489538,43.7703405],[-116.748821,43.7703789],[-116.7488033,43.7703821],[-116.7487974,43.7703832],[-116.7487945,43.7703853],[-116.7487177,43.7704045],[-116.7486823,43.7704141],[-116.748682,43.7704142],[-116.7486528,43.7704221],[-116.7486262,43.7704301],[-116.7485731,43.7704461],[-116.7485237,43.770457],[-116.748517,43.7704588],[-116.7485169,43.7704589],[-116.7485022,43.7704628],[-116.7484726,43.7704718],[-116.7484624,43.7704748],[-116.7484522,43.7704779],[-116.7484092,43.7704908],[-116.7483871,43.770494]]]}},{"type":"Feature","properties":{"platLot":36,"acres":2.93,"phase":2,"block":3,"lot":39,"status":"available","statusText":"Available Lot","builder":null,"lotPrice":295000,"homePrice":null,"address":null,"mls":null},"geometry":{"type":"Polygon","coordinates":[[[-116.749441,43.7711911],[-116.7486041,43.7712167],[-116.7482014,43.7705521],[-116.7480821,43.7705976],[-116.748077,43.7705995],[-116.7480769,43.7705996],[-116.7479512,43.7706475],[-116.7479505,43.7706478],[-116.7479492,43.7706483],[-116.7482853,43.7712199],[-116.7476742,43.7715269],[-116.747683,43.771901],[-116.7494321,43.7719138],[-116.749441,43.7711911]]]}},{"type":"Feature","properties":{"platLot":37,"acres":1.2,"phase":2,"block":2,"lot":39,"status":"available","statusText":"Available Lot","builder":null,"lotPrice":235000,"homePrice":null,"address":null,"mls":null},"geometry":{"type":"Polygon","coordinates":[[[-116.7481848,43.7703785],[-116.7483074,43.7703405],[-116.748438,43.7703054],[-116.7484384,43.7703052],[-116.7486042,43.7702606],[-116.7486053,43.7702603],[-116.748685,43.7702388],[-116.7487546,43.770219],[-116.748976,43.7701583],[-116.7491266,43.7701199],[-116.7487679,43.7696722],[-116.7477822,43.7699696],[-116.7477759,43.7699715],[-116.7477741,43.769972],[-116.747775,43.7699728],[-116.7477751,43.7699728],[-116.7477716,43.7699728],[-116.7477716,43.7699728],[-116.7478247,43.7700464],[-116.7478247,43.7700464],[-116.7480371,43.7703403],[-116.7480371,43.7703403],[-116.748038,43.7703405],[-116.7481848,43.7703785]]]}},{"type":"Feature","properties":{"platLot":38,"acres":1.36,"phase":2,"block":2,"lot":38,"status":"available","statusText":"Available Lot","builder":null,"lotPrice":229000,"homePrice":null,"address":null,"mls":null},"geometry":{"type":"Polygon","coordinates":[[[-116.7477714,43.7699696],[-116.7477716,43.7699696],[-116.7477782,43.7699696],[-116.7477822,43.7699696],[-116.7487679,43.7696722],[-116.7483207,43.7692437],[-116.7481834,43.7691094],[-116.7473952,43.7695795],[-116.747398,43.7695827],[-116.747398,43.7695827],[-116.747401,43.7695862],[-116.7473956,43.7695828],[-116.7473974,43.7695882],[-116.7474041,43.7696051],[-116.7474085,43.7696147],[-116.7474085,43.7696219],[-116.7474094,43.7696246],[-116.7474139,43.7696307],[-116.747414,43.7696308],[-116.7474233,43.7696434],[-116.7474235,43.7696437],[-116.747428,43.7696498],[-116.7474281,43.76965],[-116.7474468,43.7696754],[-116.7474469,43.7696756],[-116.7474515,43.7696818],[-116.7474515,43.7696819],[-116.7474538,43.769685],[-116.7474538,43.769685],[-116.7474542,43.7696855],[-116.7474549,43.7696866],[-116.7474926,43.7697138],[-116.7475413,43.7697426],[-116.747542,43.7697426],[-116.747542,43.7697426],[-116.7475435,43.7697438],[-116.7475468,43.7697458],[-116.7475468,43.7697458],[-116.7475458,43.7697458],[-116.7475723,43.7697682],[-116.7475989,43.7697905],[-116.7476211,43.7698065],[-116.7476299,43.7698065],[-116.7476299,43.7698068],[-116.7476299,43.7698129],[-116.7476343,43.7698161],[-116.7476344,43.7698162],[-116.7476321,43.7698161],[-116.7476343,43.7698193],[-116.7476388,43.7698257],[-116.7476476,43.7698353],[-116.7477052,43.7698897],[-116.7477094,43.7698897],[-116.7477099,43.7698904],[-116.747714,43.7698961],[-116.7477596,43.7699591],[-116.7477714,43.7699696]]]}},{"type":"Feature","properties":{"platLot":39,"acres":1.38,"phase":2,"block":2,"lot":37,"status":"available","statusText":"Available Lot","builder":null,"lotPrice":229000,"homePrice":null,"address":null,"mls":null},"geometry":{"type":"Polygon","coordinates":[[[-116.7473731,43.7695539],[-116.7473929,43.7695768],[-116.7473941,43.7695782],[-116.7473952,43.7695795],[-116.7481834,43.7691094],[-116.7476525,43.7685982],[-116.7476511,43.7686042],[-116.747643,43.7686051],[-116.7473794,43.7686351],[-116.7473723,43.7686361],[-116.7473789,43.7686381],[-116.7471598,43.7686157],[-116.7472225,43.7694708],[-116.7472259,43.7694709],[-116.7472267,43.7694712],[-116.7472327,43.769473],[-116.7472358,43.769474],[-116.7472668,43.7694836],[-116.7472679,43.7694836],[-116.7472681,43.7694836],[-116.7472712,43.7694849],[-116.7472757,43.7694868],[-116.7473067,43.7694996],[-116.7473155,43.7695059],[-116.7473421,43.7695219],[-116.7473465,43.7695283],[-116.7473731,43.7695507],[-116.7473769,43.7695539],[-116.7473769,43.7695539],[-116.7473731,43.7695539]]]}},{"type":"Feature","properties":{"platLot":40,"acres":1.83,"phase":2,"block":2,"lot":36,"status":"available","statusText":"Available Lot","builder":null,"lotPrice":245000,"homePrice":null,"address":null,"mls":null},"geometry":{"type":"Polygon","coordinates":[[[-116.7469547,43.7695507],[-116.7469556,43.7695494],[-116.7469559,43.7695507],[-116.7469569,43.7695507],[-116.746979,43.7695283],[-116.7469816,43.7695257],[-116.7469853,43.7695219],[-116.7469854,43.7695219],[-116.7469879,43.7695219],[-116.7470144,43.7695059],[-116.7470233,43.7694996],[-116.7470498,43.7694868],[-116.7470565,43.7694836],[-116.7470567,43.7694835],[-116.7470631,43.7694836],[-116.7470897,43.769474],[-116.7471118,43.7694708],[-116.747134,43.7694676],[-116.7471672,43.7694676],[-116.7471871,43.7694676],[-116.7472225,43.7694708],[-116.7471598,43.7686157],[-116.7467004,43.7685687],[-116.7466919,43.7685678],[-116.7462351,43.7686778],[-116.7461421,43.769215],[-116.7469524,43.7695539],[-116.7469546,43.7695507],[-116.7469547,43.7695507]]]}},{"type":"Feature","properties":{"platLot":41,"acres":1.58,"phase":2,"block":2,"lot":35,"status":"available","statusText":"Available Lot","builder":null,"lotPrice":245000,"homePrice":null,"address":null,"mls":null},"geometry":{"type":"Polygon","coordinates":[[[-116.7470233,43.7697905],[-116.7469879,43.7697682],[-116.7469613,43.7697458],[-116.7469593,43.7697458],[-116.7469593,43.7697457],[-116.7469569,43.7697426],[-116.7469557,43.7697411],[-116.7469347,43.7697138],[-116.7469259,43.769685],[-116.7469214,43.769685],[-116.7469214,43.7696848],[-116.7469214,43.7696834],[-116.7469214,43.7696818],[-116.7469214,43.7696754],[-116.7469214,43.7696674],[-116.7469214,43.7696658],[-116.746917,43.7696562],[-116.7469145,43.7696508],[-116.7469141,43.7696498],[-116.746914,43.7696498],[-116.7469148,43.7696498],[-116.746917,43.7696434],[-116.7469214,43.7696307],[-116.7469214,43.7696147],[-116.7469259,43.7696051],[-116.7469347,43.7695827],[-116.7469325,43.7695827],[-116.7469326,43.7695826],[-116.7469347,43.7695795],[-116.7469377,43.7695752],[-116.7469495,43.7695582],[-116.7469524,43.7695539],[-116.7461421,43.769215],[-116.7456816,43.76949],[-116.7456816,43.76949],[-116.7459783,43.7701327],[-116.7459783,43.7701327],[-116.7470177,43.7697924],[-116.7470233,43.7697905]]]}},{"type":"Feature","properties":{"platLot":42,"acres":1.54,"phase":2,"block":2,"lot":34,"status":"available","statusText":"Available Lot","builder":null,"lotPrice":240000,"homePrice":null,"address":null,"mls":null},"geometry":{"type":"Polygon","coordinates":[[[-116.7475679,43.7700464],[-116.747555,43.7700298],[-116.7473591,43.7698476],[-116.7473443,43.7698369],[-116.7473347,43.7698353],[-116.7472313,43.7698184],[-116.7472225,43.7698193],[-116.7471915,43.7698225],[-116.7471583,43.7698225],[-116.7471428,43.7698225],[-116.747103,43.7698193],[-116.7470986,43.7698161],[-116.7470853,43.7698129],[-116.7470587,43.7698065],[-116.7470309,43.769794],[-116.7470282,43.7697936],[-116.7470257,43.7697933],[-116.7470177,43.7697924],[-116.7459783,43.7701327],[-116.7459916,43.7701615],[-116.7460137,43.7705868],[-116.7465318,43.7705068],[-116.7475679,43.7700464]]]}},{"type":"Feature","properties":{"platLot":43,"acres":1.31,"phase":2,"block":2,"lot":45,"status":"available","statusText":"Available Lot","builder":null,"lotPrice":225000,"homePrice":null,"address":null,"mls":null},"geometry":{"type":"Polygon","coordinates":[[[-116.7470853,43.7709673],[-116.7471517,43.7709097],[-116.7472093,43.7708649],[-116.7472801,43.7708138],[-116.7473421,43.770769],[-116.7474129,43.7707274],[-116.7474882,43.7706795],[-116.7475458,43.7706475],[-116.7476343,43.7705995],[-116.7476318,43.7705995],[-116.7476324,43.7705993],[-116.7476388,43.7705963],[-116.7477362,43.7705516],[-116.7477935,43.7705229],[-116.7477935,43.7705228],[-116.7477935,43.7705228],[-116.7478345,43.7704157],[-116.7478336,43.7704141],[-116.7478115,43.7703853],[-116.747809,43.7703821],[-116.747809,43.7703821],[-116.7478065,43.7703789],[-116.7478056,43.7703789],[-116.7478055,43.7703789],[-116.7478048,43.7703773],[-116.7478026,43.7703725],[-116.7478009,43.7703688],[-116.7477966,43.7703629],[-116.7477966,43.7703629],[-116.7477911,43.7703552],[-116.7477893,43.7703533],[-116.7477805,43.7703405],[-116.7477805,43.7703405],[-116.7477805,43.7703405],[-116.7475679,43.7700464],[-116.7465318,43.7705068],[-116.7470853,43.7709673]]]}},{"type":"Feature","properties":{"platLot":44,"acres":1.27,"phase":2,"block":3,"lot":38,"status":"available","statusText":"Available Lot","builder":null,"lotPrice":238000,"homePrice":null,"address":null,"mls":null},"geometry":{"type":"Polygon","coordinates":[[[-116.7470764,43.7712359],[-116.7470773,43.7712359],[-116.7470773,43.7712359],[-116.7470769,43.7712362],[-116.7470636,43.7712487],[-116.7470636,43.7712487],[-116.7470499,43.7712615],[-116.7470499,43.7712615],[-116.7470499,43.7712615],[-116.7476742,43.7715269],[-116.7482853,43.7712199],[-116.7479492,43.7706483],[-116.7479479,43.7706488],[-116.7472037,43.7711216],[-116.7472004,43.771124],[-116.7471898,43.7711336],[-116.7471897,43.7711336],[-116.7470764,43.7712359]]]}},{"type":"Feature","properties":{"platLot":45,"acres":1.77,"phase":3,"status":"future","statusText":"Future Release"},"geometry":{"type":"Polygon","coordinates":[[[-116.7465561,43.7721088],[-116.7465561,43.7721089],[-116.746556,43.7721092],[-116.7476742,43.7722815],[-116.747683,43.771901],[-116.7476742,43.7715269],[-116.7470499,43.7712615],[-116.7470487,43.7712626],[-116.7470483,43.771263],[-116.7466083,43.7719649],[-116.746608,43.7719655],[-116.7466023,43.7719745],[-116.7466021,43.7719748],[-116.7465983,43.7719809],[-116.7465982,43.7719811],[-116.7465943,43.7719873],[-116.7465942,43.7719874],[-116.7465893,43.7719952],[-116.7465855,43.7720013],[-116.7465849,43.7720033],[-116.7465765,43.7720321],[-116.7465764,43.7720321],[-116.7465694,43.7720561],[-116.7465628,43.7720801],[-116.7465539,43.7721088],[-116.7465561,43.7721088]]]}},{"type":"Feature","properties":{"platLot":46,"acres":1.55,"phase":3,"status":"future","statusText":"Future Release"},"geometry":{"type":"Polygon","coordinates":[[[-116.7465893,43.7714885],[-116.7466735,43.7713734],[-116.7466823,43.7713638],[-116.7467709,43.7712615],[-116.7467842,43.7712487],[-116.746793,43.7712359],[-116.7468993,43.7711336],[-116.7469081,43.771124],[-116.7470188,43.7710216],[-116.7470321,43.771012],[-116.7470846,43.7709678],[-116.7470853,43.7709673],[-116.7465318,43.7705068],[-116.7460137,43.7705868],[-116.7460139,43.77059],[-116.7460162,43.7705901],[-116.7460139,43.7705908],[-116.7459309,43.7706137],[-116.7459256,43.7706152],[-116.7460226,43.7712071],[-116.7465893,43.7714885]]]}},{"type":"Feature","properties":{"platLot":47,"acres":1.31,"phase":3,"status":"future","statusText":"Future Release"},"geometry":{"type":"Polygon","coordinates":[[[-116.7462395,43.7719873],[-116.7462422,43.7719873],[-116.7463758,43.7719252],[-116.7463768,43.7719234],[-116.7463945,43.7718722],[-116.7464299,43.7717731],[-116.7464476,43.7717411],[-116.7465008,43.7716292],[-116.7465096,43.7716132],[-116.7465893,43.7714917],[-116.7465884,43.7714917],[-116.746587,43.7714917],[-116.7465878,43.7714906],[-116.7465849,43.7714885],[-116.7465848,43.7714884],[-116.7465893,43.7714885],[-116.7460226,43.7712071],[-116.7454347,43.771322],[-116.7454347,43.7713222],[-116.7454347,43.7713223],[-116.7454347,43.7713235],[-116.7454347,43.7713237],[-116.7454351,43.7713243],[-116.7454381,43.7713318],[-116.7454469,43.7713542],[-116.7454469,43.7713638],[-116.7454513,43.7713862],[-116.7454523,43.771391],[-116.7454513,43.7713958],[-116.7454469,43.7714181],[-116.7454456,43.7714245],[-116.7454456,43.7714246],[-116.7454425,43.7714245],[-116.7454341,43.7714488],[-116.7454341,43.7714501],[-116.7454347,43.7714501],[-116.7454368,43.7714501],[-116.7454368,43.7714503],[-116.7454371,43.7714533],[-116.7454371,43.7714533],[-116.7454383,43.7714661],[-116.7454383,43.7714664],[-116.7454433,43.7715205],[-116.7454433,43.7715206],[-116.7454436,43.7715237],[-116.7454436,43.7715237],[-116.7454437,43.7715245],[-116.7454437,43.7715255],[-116.7454558,43.7715428],[-116.7454646,43.7715524],[-116.7454667,43.771557],[-116.7454707,43.771562],[-116.7454713,43.771562],[-116.7454713,43.7715621],[-116.7454735,43.7715652],[-116.745475,43.7715652],[-116.745475,43.7715652],[-116.7454757,43.7715668],[-116.7454775,43.7715707],[-116.7454782,43.7715716],[-116.7454782,43.7715716],[-116.7454857,43.7715812],[-116.7454858,43.7715813],[-116.7454933,43.7715908],[-116.7454933,43.7715909],[-116.7455033,43.7716036],[-116.7455034,43.7716038],[-116.7455133,43.7716164],[-116.7455145,43.7716175],[-116.7462023,43.7719806],[-116.7462041,43.7719809],[-116.7462148,43.7719829],[-116.7462395,43.7719873]]]}},{"type":"Feature","properties":{"platLot":48,"acres":2.04,"phase":3,"status":"future","statusText":"Future Release"},"geometry":{"type":"Polygon","coordinates":[[[-116.7454203,43.771303],[-116.7454336,43.7713222],[-116.7454347,43.771322],[-116.7460226,43.7712071],[-116.7459256,43.7706152],[-116.7459252,43.7706129],[-116.7455259,43.7705516],[-116.7455256,43.7705515],[-116.7455259,43.7705515],[-116.7452167,43.7702894],[-116.7449908,43.7703182],[-116.7445746,43.7705548],[-116.7450705,43.7712359],[-116.745074,43.7712334],[-116.7450742,43.771233],[-116.745075,43.7712327],[-116.7450838,43.7712295],[-116.7450927,43.7712252],[-116.7451015,43.7712231],[-116.7451281,43.7712167],[-116.745137,43.7712146],[-116.7451458,43.7712135],[-116.7451724,43.7712103],[-116.7452167,43.7712071],[-116.7452299,43.7712103],[-116.7452654,43.7712135],[-116.7452731,43.7712135],[-116.7452735,43.7712138],[-116.7452743,43.7712143],[-116.7452773,43.7712164],[-116.7452786,43.7712167],[-116.7452865,43.7712183],[-116.7453096,43.7712231],[-116.7453229,43.7712295],[-116.7453362,43.7712359],[-116.7453495,43.7712423],[-116.7453716,43.7712551],[-116.7453799,43.7712599],[-116.7453849,43.7712647],[-116.7453982,43.7712774],[-116.7454115,43.7712902],[-116.7454203,43.771303]]]}},{"type":"Feature","properties":{"platLot":49,"acres":1.94,"phase":3,"status":"future","statusText":"Future Release"},"geometry":{"type":"Polygon","coordinates":[[[-116.7449739,43.7714532],[-116.7449742,43.7714532],[-116.7449731,43.7714501],[-116.7449643,43.7714245],[-116.7449611,43.7714245],[-116.7449611,43.7714244],[-116.7449598,43.7714181],[-116.7449554,43.7713958],[-116.7449598,43.7713862],[-116.7449598,43.7713718],[-116.7449598,43.7713638],[-116.7449598,43.7713558],[-116.7449598,43.7713542],[-116.7449687,43.7713318],[-116.7449731,43.7713222],[-116.744982,43.771303],[-116.7449953,43.7712902],[-116.7450085,43.7712774],[-116.7450263,43.7712647],[-116.7450351,43.7712551],[-116.7450617,43.7712423],[-116.7450654,43.7712396],[-116.7450622,43.7712399],[-116.7450705,43.7712359],[-116.7445746,43.7705548],[-116.7442115,43.7705836],[-116.7439414,43.7707019],[-116.7439591,43.7714277],[-116.7441938,43.7716356],[-116.7449745,43.771454],[-116.7449743,43.7714534],[-116.7449741,43.7714533],[-116.7449739,43.7714532]]]}},{"type":"Feature","properties":{"platLot":50,"acres":1.12,"phase":3,"status":"future","statusText":"Future Release"},"geometry":{"type":"Polygon","coordinates":[[[-116.7454389,43.7718299],[-116.7454336,43.7718242],[-116.7453761,43.7717667],[-116.7453744,43.7717667],[-116.7453741,43.7717664],[-116.7453716,43.7717635],[-116.7453141,43.7716963],[-116.745312,43.7716963],[-116.7453117,43.7716959],[-116.7453096,43.7716931],[-116.7452874,43.7716634],[-116.7452492,43.7716164],[-116.7452485,43.7716156],[-116.7452388,43.7716036],[-116.7452354,43.7716003],[-116.7451622,43.7715628],[-116.7451591,43.771562],[-116.7451192,43.7715524],[-116.7450838,43.7715428],[-116.7450484,43.7715237],[-116.7450425,43.7715205],[-116.7450425,43.7715205],[-116.745044,43.7715205],[-116.7450361,43.7715148],[-116.7450263,43.7715077],[-116.7450203,43.7715077],[-116.7450202,43.7715075],[-116.7450174,43.7715045],[-116.7450085,43.7714949],[-116.7449953,43.7714821],[-116.7449919,43.7714789],[-116.7449919,43.7714789],[-116.7449953,43.7714789],[-116.744982,43.7714661],[-116.7449766,43.7714609],[-116.7449786,43.7714563],[-116.7449784,43.7714558],[-116.7449751,43.7714539],[-116.7449745,43.771454],[-116.7441938,43.7716356],[-116.7442912,43.7717219],[-116.7447207,43.7721024],[-116.7448624,43.7722303],[-116.7454425,43.7718338],[-116.7454389,43.7718299]]]}},{"type":"Feature","properties":{"platLot":51,"acres":1.23,"phase":3,"status":"future","statusText":"Future Release"},"geometry":{"type":"Polygon","coordinates":[[[-116.7462749,43.7721952],[-116.7462712,43.7721911],[-116.7461951,43.7721472],[-116.7461951,43.7721472],[-116.746195,43.7721472],[-116.746195,43.7721472],[-116.7461588,43.7721414],[-116.7461591,43.7721415],[-116.7461554,43.7721408],[-116.7460181,43.7721152],[-116.745996,43.7721088],[-116.7458897,43.7720801],[-116.7457613,43.7720321],[-116.7457082,43.7720033],[-116.7456727,43.7719873],[-116.7456595,43.7719809],[-116.7456462,43.7719745],[-116.7456196,43.7719553],[-116.745562,43.7719234],[-116.7455477,43.771913],[-116.7455399,43.7719074],[-116.7455321,43.7719017],[-116.7455,43.7718786],[-116.7454425,43.7718338],[-116.7448624,43.7722303],[-116.7451414,43.7724798],[-116.7453451,43.772662],[-116.7462749,43.7721952]]]}},{"type":"Feature","properties":{"platLot":52,"acres":1.22,"phase":3,"status":"future","statusText":"Future Release"},"geometry":{"type":"Polygon","coordinates":[[[-116.7462572,43.7726556],[-116.7462572,43.7726364],[-116.7462484,43.7725501],[-116.7462484,43.7725229],[-116.7462484,43.7725149],[-116.7462484,43.7725069],[-116.7462484,43.7724478],[-116.7462572,43.7723934],[-116.7462617,43.7723455],[-116.7462794,43.7722719],[-116.7462838,43.7722431],[-116.7462838,43.7722383],[-116.7462838,43.7722306],[-116.7462838,43.7722303],[-116.7462838,43.7722303],[-116.7462817,43.7722176],[-116.7462817,43.7722174],[-116.7462797,43.7722048],[-116.7462797,43.7722045],[-116.7462789,43.7721994],[-116.7462749,43.7721952],[-116.7453451,43.772662],[-116.745531,43.7728283],[-116.7459074,43.7731609],[-116.7463414,43.773212],[-116.7462969,43.7729178],[-116.7462968,43.7729176],[-116.7462572,43.7726556]]]}},{"type":"Feature","properties":{"platLot":53,"acres":1.87,"phase":3,"status":"future","statusText":"Future Release"},"geometry":{"type":"Polygon","coordinates":[[[-116.7465273,43.7729178],[-116.7465384,43.7729178],[-116.7476609,43.7729178],[-116.7476742,43.7722815],[-116.746556,43.7721092],[-116.7465539,43.7721152],[-116.7465459,43.7721385],[-116.7465452,43.7721408],[-116.7465452,43.7721408],[-116.7465451,43.7721415],[-116.7465451,43.7721472],[-116.7465451,43.7721504],[-116.7465451,43.7721504],[-116.7465426,43.7721504],[-116.7465406,43.7721578],[-116.7465406,43.77216],[-116.7465391,43.7721632],[-116.7465374,43.7721696],[-116.7465374,43.7721696],[-116.7465362,43.7721741],[-116.7465362,43.7721792],[-116.7465318,43.7721952],[-116.7465286,43.772202],[-116.7465279,43.7722048],[-116.7465279,43.7722048],[-116.7465244,43.7722176],[-116.7465244,43.7722176],[-116.7465209,43.7722303],[-116.7465209,43.7722305],[-116.7465174,43.7722431],[-116.7465174,43.7722433],[-116.7465096,43.7722719],[-116.746512,43.7722719],[-116.746512,43.7722722],[-116.7464881,43.7726364],[-116.7464879,43.7726382],[-116.7464831,43.7726364],[-116.7464875,43.7726556],[-116.7465273,43.7729178]]]}},{"type":"Feature","properties":{"platLot":54,"acres":1.17,"phase":3,"status":"future","statusText":"Future Release"},"geometry":{"type":"Polygon","coordinates":[[[-116.7465933,43.7734039],[-116.7465938,43.7734039],[-116.7466004,43.7734039],[-116.747652,43.7734039],[-116.7476609,43.7729178],[-116.7465384,43.7729178],[-116.7465273,43.7729178],[-116.7465716,43.773212],[-116.7465805,43.7732824],[-116.7465827,43.7732824],[-116.7465828,43.7732831],[-116.7465841,43.7732984],[-116.7465842,43.7732986],[-116.7465933,43.7734039]]]}},{"type":"Feature","properties":{"platLot":55,"acres":1.03,"phase":3,"status":"future","statusText":"Future Release"},"geometry":{"type":"Polygon","coordinates":[[[-116.7461554,43.7740146],[-116.7461636,43.7740028],[-116.7463557,43.7733107],[-116.7463546,43.7732984],[-116.7463502,43.7732824],[-116.7463414,43.773212],[-116.7459074,43.7731609],[-116.7454381,43.773455],[-116.7461554,43.7740146]]]}},{"type":"Feature","properties":{"platLot":56,"acres":1.27,"phase":3,"status":"future","statusText":"Future Release"},"geometry":{"type":"Polygon","coordinates":[[[-116.7464673,43.7739251],[-116.7464675,43.7739251],[-116.7464675,43.7739251],[-116.7464675,43.7739251],[-116.7476432,43.7739315],[-116.7476434,43.7739204],[-116.747652,43.7734039],[-116.7466004,43.7734039],[-116.7465938,43.7734039],[-116.7465934,43.7734055],[-116.7465935,43.7734057],[-116.7465934,43.7734057],[-116.7465894,43.7734222],[-116.7465893,43.7734231],[-116.7465849,43.773535],[-116.7465849,43.7735478],[-116.7465628,43.7736693],[-116.7465229,43.7737876],[-116.7465263,43.7737896],[-116.7465229,43.7737972],[-116.7464742,43.7739059],[-116.7464695,43.7739162],[-116.7464685,43.7739202],[-116.7464673,43.7739251]]]}},{"type":"Feature","properties":{"platLot":57,"acres":1.69,"phase":3,"status":"future","statusText":"Future Release"},"geometry":{"type":"Polygon","coordinates":[[[-116.7462202,43.7742513],[-116.7462209,43.7742513],[-116.7462209,43.7742513],[-116.7462204,43.7742517],[-116.7462194,43.7742524],[-116.7467266,43.7745454],[-116.7476299,43.7745614],[-116.7476427,43.7739533],[-116.7476432,43.7739315],[-116.7464675,43.7739251],[-116.7464674,43.7739253],[-116.7464672,43.7739254],[-116.746462,43.7739323],[-116.7464535,43.7739436],[-116.7464078,43.7740146],[-116.7463945,43.774037],[-116.7463325,43.7741202],[-116.7463104,43.7741489],[-116.7462484,43.7742161],[-116.7462377,43.7742282],[-116.7462202,43.7742513]]]}},{"type":"Feature","properties":{"platLot":58,"acres":2.54,"phase":3,"status":"future","statusText":"Future Release"},"geometry":{"type":"Polygon","coordinates":[[[-116.7460511,43.7743951],[-116.7460537,43.7743951],[-116.7460537,43.7743951],[-116.7460532,43.7743954],[-116.7460477,43.7743983],[-116.7460477,43.7743984],[-116.7460465,43.774399],[-116.7460465,43.774399],[-116.7460465,43.774399],[-116.7460462,43.7743993],[-116.7460497,43.7744015],[-116.7460498,43.7744016],[-116.7465495,43.7747213],[-116.7465185,43.7754951],[-116.7465406,43.7754951],[-116.7476122,43.7755079],[-116.7476299,43.7745614],[-116.7467266,43.7745454],[-116.7462194,43.7742524],[-116.7462191,43.7742528],[-116.7462191,43.7742528],[-116.7461567,43.7743056],[-116.7461564,43.7743059],[-116.7461486,43.7743125],[-116.7461332,43.774328],[-116.746103,43.7743511],[-116.7460624,43.7743856],[-116.7460614,43.7743864],[-116.7460511,43.7743951]]]}},{"type":"Feature","properties":{"platLot":59,"acres":1.74,"phase":3,"status":"future","statusText":"Future Release"},"geometry":{"type":"Polygon","coordinates":[[[-116.7456285,43.7746286],[-116.745597,43.7746412],[-116.7455951,43.7746422],[-116.7455907,43.7746446],[-116.7455906,43.7746446],[-116.7455848,43.7746478],[-116.7455848,43.7746478],[-116.7455761,43.7746524],[-116.745574,43.7746536],[-116.745574,43.7746536],[-116.7455729,43.7746542],[-116.7455729,43.7746542],[-116.7455715,43.7746549],[-116.7457392,43.7748588],[-116.7457347,43.7754887],[-116.7465185,43.7754951],[-116.7465495,43.7747213],[-116.7460498,43.7744016],[-116.7460447,43.7744016],[-116.7460447,43.7744047],[-116.7460447,43.7744048],[-116.7460397,43.7744048],[-116.7460397,43.7744048],[-116.7460358,43.7744047],[-116.7460358,43.7744048],[-116.7460358,43.7744048],[-116.7460358,43.7744048],[-116.7459738,43.7744463],[-116.7459517,43.7744591],[-116.745934,43.7744719],[-116.7459349,43.7744719],[-116.7459348,43.7744719],[-116.7459296,43.7744751],[-116.7459296,43.7744751],[-116.745903,43.7744911],[-116.7458764,43.7745071],[-116.7458499,43.7745199],[-116.7458277,43.7745358],[-116.7458233,43.774539],[-116.7458232,43.7745391],[-116.7458189,43.774539],[-116.7458056,43.7745454],[-116.7457879,43.774555],[-116.7457702,43.7745614],[-116.7456993,43.7745998],[-116.7456934,43.774603],[-116.7456934,43.774603],[-116.7456905,43.774603],[-116.7456285,43.7746286]]]}},{"type":"Feature","properties":{"platLot":60,"acres":1.27,"phase":3,"status":"future","statusText":"Future Release"},"geometry":{"type":"Polygon","coordinates":[[[-116.7449675,43.7747981],[-116.7449727,43.7747981],[-116.7449727,43.7747981],[-116.7449716,43.7747981],[-116.7449662,43.7747984],[-116.7449643,43.7747988],[-116.7449598,43.7754823],[-116.7457347,43.7754887],[-116.7457392,43.7748588],[-116.7455715,43.7746549],[-116.7455715,43.7746549],[-116.745571,43.7746543],[-116.7455705,43.7746544],[-116.7455689,43.7746548],[-116.7454248,43.7747021],[-116.7453982,43.7747085],[-116.7452742,43.7747437],[-116.7452698,43.7747437],[-116.745137,43.7747725],[-116.7451275,43.7747745],[-116.7451192,43.7747757],[-116.7450041,43.7747917],[-116.7449742,43.7747965],[-116.7449689,43.7747977],[-116.7449675,43.7747981]]]}},{"type":"Feature","properties":{"platLot":61,"acres":1.1,"phase":3,"status":"future","statusText":"Future Release"},"geometry":{"type":"Polygon","coordinates":[[[-116.7446375,43.7748141],[-116.7446375,43.7748141],[-116.7446366,43.774814],[-116.7443665,43.7748108],[-116.7443299,43.7748092],[-116.7442275,43.7748055],[-116.7442248,43.7748054],[-116.7442159,43.7754754],[-116.7442336,43.7754756],[-116.744754,43.7754806],[-116.7449598,43.7754823],[-116.7449643,43.7747988],[-116.7449643,43.7747988],[-116.7449643,43.7747985],[-116.7449607,43.7747986],[-116.7449477,43.7747992],[-116.7448757,43.7748044],[-116.7448137,43.7748108],[-116.7448115,43.7748108],[-116.7447894,43.7748108],[-116.7447141,43.7748108],[-116.7447051,43.7748108],[-116.7446432,43.7748138],[-116.7446379,43.7748141],[-116.7446375,43.7748141]]]}},{"type":"Feature","properties":{"platLot":62,"acres":1.38,"phase":3,"status":"future","statusText":"Future Release"},"geometry":{"type":"Polygon","coordinates":[[[-116.7442177,43.7748039],[-116.7441451,43.7747981],[-116.7440742,43.7747917],[-116.7439547,43.7747757],[-116.7439281,43.7747725],[-116.743782,43.7747437],[-116.7437776,43.7747437],[-116.7437772,43.7747436],[-116.7436663,43.7747152],[-116.7436403,43.7747085],[-116.7436137,43.7747021],[-116.7434278,43.7746542],[-116.743413,43.7746488],[-116.7434089,43.7746478],[-116.743403,43.7746478],[-116.743403,43.7746478],[-116.7434029,43.7746477],[-116.7433913,43.7746446],[-116.7433913,43.7746446],[-116.7433702,43.7746388],[-116.7433702,43.7746388],[-116.7433702,43.7746388],[-116.7433702,43.7754664],[-116.7438406,43.7754718],[-116.7441938,43.7754752],[-116.7442159,43.7754754],[-116.7442248,43.7748054],[-116.7442248,43.7748054],[-116.7442248,43.774805],[-116.7442212,43.7748044],[-116.744221,43.7748044],[-116.7442198,43.7748042],[-116.7442177,43.7748039]]]}},{"type":"Feature","properties":{"platLot":63,"acres":1.1,"phase":3,"status":"future","statusText":"Future Release"},"geometry":{"type":"Polygon","coordinates":[[[-116.7427901,43.7748268],[-116.7427367,43.774845],[-116.7427241,43.7748524],[-116.7427238,43.7748526],[-116.7427222,43.7748535],[-116.7427186,43.7748556],[-116.7427186,43.7748556],[-116.7427148,43.7748578],[-116.7427148,43.77546],[-116.7433702,43.7754664],[-116.7433702,43.7746388],[-116.7433691,43.7746385],[-116.743368,43.7746382],[-116.7433679,43.7746381],[-116.7433679,43.7746381],[-116.743368,43.7746381],[-116.7433165,43.7746222],[-116.7433164,43.7746222],[-116.7432481,43.774601],[-116.7431016,43.7746286],[-116.7431056,43.7746286],[-116.7431055,43.7746286],[-116.7430874,43.7746393],[-116.7430735,43.774651],[-116.7430337,43.7746893],[-116.7430204,43.7746989],[-116.7429938,43.7747181],[-116.7429628,43.7747341],[-116.742954,43.7747437],[-116.7429274,43.7747597],[-116.7429221,43.7747629],[-116.7429221,43.7747629],[-116.7429185,43.7747629],[-116.742861,43.7747949],[-116.7428255,43.7748108],[-116.7427901,43.7748268]]]}},{"type":"Feature","properties":{"platLot":64,"acres":1.17,"phase":3,"status":"future","statusText":"Future Release"},"geometry":{"type":"Polygon","coordinates":[[[-116.7417478,43.7749184],[-116.7417453,43.7749195],[-116.7417452,43.7749196],[-116.7417452,43.7749196],[-116.7417451,43.7749196],[-116.7418027,43.7754536],[-116.7425997,43.77546],[-116.7426861,43.77546],[-116.7427082,43.77546],[-116.7427148,43.77546],[-116.7427148,43.7748578],[-116.7427148,43.7748556],[-116.7427104,43.7748556],[-116.742613,43.7748812],[-116.7426041,43.7748812],[-116.7424934,43.7749004],[-116.7424093,43.7749068],[-116.7424049,43.7749068],[-116.7423783,43.77491],[-116.7422809,43.7749068],[-116.7422698,43.7749068],[-116.7422653,43.7749068],[-116.742263,43.774907],[-116.7422628,43.7749071],[-116.7422588,43.7749068],[-116.7418597,43.7748814],[-116.7417647,43.7749067],[-116.7417647,43.7749068],[-116.7417646,43.7749068],[-116.7417628,43.774908],[-116.7417466,43.7749186],[-116.7417478,43.7749184]]]}},{"type":"Feature","properties":{"platLot":65,"acres":1.66,"phase":3,"status":"future","statusText":"Future Release"},"geometry":{"type":"Polygon","coordinates":[[[-116.7415879,43.7749579],[-116.7415658,43.7749579],[-116.7415636,43.7749579],[-116.7415397,43.7749555],[-116.7415326,43.7749547],[-116.7415263,43.7749547],[-116.7415275,43.7749546],[-116.7415288,43.7749543],[-116.7415306,43.774954],[-116.7415149,43.7749483],[-116.7414883,43.7749419],[-116.741475,43.7749356],[-116.7414484,43.7749292],[-116.7414352,43.7749196],[-116.741413,43.7749068],[-116.7414075,43.7749036],[-116.7414074,43.7749035],[-116.741413,43.7749036],[-116.7413997,43.774894],[-116.7413909,43.7748876],[-116.7413865,43.7748876],[-116.7413865,43.7748875],[-116.7413865,43.7748844],[-116.7413864,43.7748844],[-116.7413864,43.7748844],[-116.7413865,43.7748844],[-116.741382,43.7748812],[-116.741382,43.7748812],[-116.7413865,43.7748812],[-116.7413669,43.7748586],[-116.7413643,43.7748556],[-116.7401068,43.7751818],[-116.7400935,43.7754408],[-116.7418027,43.7754536],[-116.7417451,43.7749196],[-116.7417446,43.77492],[-116.7417451,43.7749196],[-116.741723,43.7749292],[-116.7417141,43.774933],[-116.7417053,43.7749356],[-116.7416831,43.7749419],[-116.7416654,43.7749483],[-116.7416388,43.7749547],[-116.7416211,43.7749579],[-116.7415879,43.7749579]]]}},{"type":"Feature","properties":{"platLot":66,"acres":1.5,"phase":3,"status":"future","statusText":"Future Release"},"geometry":{"type":"Polygon","coordinates":[[[-116.7413615,43.7748524],[-116.7413615,43.7748524],[-116.7413643,43.7748524],[-116.7413636,43.7748511],[-116.741351,43.7748268],[-116.7413466,43.7748108],[-116.7413422,43.7747949],[-116.7413422,43.7747709],[-116.7413422,43.7747629],[-116.7413413,43.7747629],[-116.7413413,43.7747629],[-116.7413413,43.7747628],[-116.7413422,43.7747597],[-116.7413466,43.7747437],[-116.741351,43.7747309],[-116.7413599,43.7747181],[-116.7413577,43.7747181],[-116.7413577,43.7747181],[-116.7413594,43.7747157],[-116.7413599,43.7747149],[-116.7413599,43.7747085],[-116.7413599,43.7747085],[-116.7413643,43.7747085],[-116.7413687,43.7747021],[-116.7413732,43.7746925],[-116.7413865,43.7746797],[-116.7413843,43.7746797],[-116.7413909,43.7746733],[-116.7414042,43.7746606],[-116.741414,43.7746534],[-116.7414219,43.7746478],[-116.7414197,43.7746478],[-116.7414198,43.7746477],[-116.7414263,43.7746446],[-116.7414529,43.7746318],[-116.7414473,43.7746318],[-116.741448,43.7746316],[-116.7414527,43.7746301],[-116.7414573,43.7746286],[-116.7409879,43.7743983],[-116.7398743,43.7746919],[-116.7401156,43.7749451],[-116.7401068,43.7751818],[-116.7413643,43.7748556],[-116.7413615,43.7748524]]]}},{"type":"Feature","properties":{"platLot":67,"acres":1.15,"phase":3,"status":"future","statusText":"Future Release"},"geometry":{"type":"Polygon","coordinates":[[[-116.7422809,43.7747437],[-116.7422856,43.7747437],[-116.7428909,43.7745558],[-116.742892,43.774555],[-116.742894,43.7745534],[-116.7428946,43.7745518],[-116.7428946,43.7745518],[-116.7428995,43.774539],[-116.7428996,43.774539],[-116.7429045,43.7745263],[-116.7429046,43.7745261],[-116.7429094,43.7745135],[-116.7429095,43.7745133],[-116.7429156,43.7744975],[-116.7429156,43.7744974],[-116.7429177,43.7744922],[-116.7429168,43.7744911],[-116.7429168,43.7744911],[-116.7429117,43.7744847],[-116.7429116,43.7744846],[-116.742899,43.7744687],[-116.7428988,43.7744684],[-116.7428914,43.7744591],[-116.7428913,43.7744589],[-116.7428813,43.7744463],[-116.7428812,43.7744462],[-116.7428742,43.7744374],[-116.742873,43.7744367],[-116.742873,43.7744367],[-116.7428453,43.7744207],[-116.7428451,43.7744206],[-116.7428119,43.7744015],[-116.7428116,43.7744013],[-116.7428167,43.7744015],[-116.7427724,43.774376],[-116.7426927,43.774328],[-116.7426661,43.774312],[-116.7426597,43.774312],[-116.742659,43.7743117],[-116.7420699,43.7740525],[-116.7420671,43.7740519],[-116.7417249,43.7746286],[-116.7417247,43.7746289],[-116.7417241,43.77463],[-116.7417258,43.7746312],[-116.7417274,43.7746318],[-116.7417276,43.7746318],[-116.7417278,43.7746319],[-116.7417268,43.7746319],[-116.7417342,43.7746372],[-116.7417495,43.7746446],[-116.7417495,43.7746446],[-116.7417562,43.7746478],[-116.7417562,43.7746478],[-116.741754,43.7746478],[-116.7417717,43.7746606],[-116.7417848,43.7746732],[-116.741785,43.7746733],[-116.741785,43.7746733],[-116.7417873,43.7746734],[-116.7417933,43.7746792],[-116.741794,43.7746797],[-116.741794,43.7746797],[-116.7418004,43.7746843],[-116.7418796,43.7747181],[-116.7418797,43.7747181],[-116.7418799,43.7747182],[-116.7421126,43.7747309],[-116.7422809,43.7747437]]]}},{"type":"Feature","properties":{"platLot":68,"acres":1.29,"phase":3,"status":"future","statusText":"Future Release"},"geometry":{"type":"Polygon","coordinates":[[[-116.7414573,43.7746286],[-116.7414646,43.7746233],[-116.7414632,43.7746267],[-116.7414971,43.7746158],[-116.7414971,43.7746126],[-116.741537,43.7746068],[-116.7415414,43.7746062],[-116.7415459,43.7746062],[-116.7415901,43.774603],[-116.74163,43.7746062],[-116.7416388,43.7746062],[-116.7416743,43.7746126],[-116.7416743,43.7746126],[-116.7416743,43.7746126],[-116.7416743,43.7746126],[-116.7416831,43.7746158],[-116.7417185,43.7746286],[-116.7417221,43.7746286],[-116.7417249,43.7746286],[-116.7420671,43.7740519],[-116.7413821,43.7739219],[-116.7413816,43.7739218],[-116.7413784,43.7739212],[-116.7411408,43.7739005],[-116.7410428,43.7739283],[-116.7410425,43.7739284],[-116.7410344,43.7739307],[-116.7410322,43.7739319],[-116.74101,43.7739443],[-116.7410097,43.7739445],[-116.7410029,43.7739482],[-116.7410012,43.7739507],[-116.7409891,43.7739559],[-116.7409813,43.7739603],[-116.7409812,43.7739603],[-116.7409691,43.7739671],[-116.7409641,43.7739699],[-116.7409639,43.77397],[-116.7409584,43.7739731],[-116.7409582,43.7739731],[-116.7409561,43.7739743],[-116.7409528,43.7739762],[-116.7409879,43.7743983],[-116.7414573,43.7746286]]]}},{"type":"Feature","properties":{"platLot":69,"acres":1.73,"phase":3,"status":"future","statusText":"Future Release"},"geometry":{"type":"Polygon","coordinates":[[[-116.7408684,43.773989],[-116.7408529,43.773989],[-116.7408152,43.773989],[-116.7407842,43.7739827],[-116.7407732,43.7739827],[-116.740771,43.7739827],[-116.7407644,43.7739827],[-116.7407644,43.7739827],[-116.7407618,43.7739809],[-116.7407565,43.773981],[-116.740753,43.7739783],[-116.7407504,43.7739763],[-116.74074,43.7739731],[-116.7407326,43.7739731],[-116.7407318,43.7739726],[-116.7407267,43.7739699],[-116.740709,43.7739603],[-116.7406868,43.7739507],[-116.7406824,43.7739443],[-116.7406558,43.7739283],[-116.7406505,43.7739251],[-116.7406504,43.773925],[-116.7406558,43.7739251],[-116.740647,43.7739155],[-116.7406425,43.7739155],[-116.7406425,43.7739154],[-116.7406381,43.7739091],[-116.7406322,43.7739048],[-116.740631,43.7739027],[-116.740631,43.7739027],[-116.7406293,43.7738995],[-116.7406194,43.7738817],[-116.7406194,43.7738817],[-116.7406143,43.7738725],[-116.7406141,43.773873],[-116.7406117,43.7738678],[-116.7406114,43.7738676],[-116.7393992,43.7741935],[-116.7396644,43.7744718],[-116.7398743,43.7746919],[-116.7409879,43.7743983],[-116.7409528,43.7739762],[-116.7409526,43.7739746],[-116.7409526,43.7739744],[-116.7409483,43.7739746],[-116.7409468,43.7739746],[-116.7409171,43.7739827],[-116.7409082,43.7739827],[-116.7408684,43.773989]]]}},{"type":"Feature","properties":{"platLot":70,"acres":2.1,"phase":3,"status":"future","statusText":"Future Release"},"geometry":{"type":"Polygon","coordinates":[[[-116.7406113,43.7738675],[-116.7406116,43.7738675],[-116.7406093,43.7738635],[-116.7406071,43.7738579],[-116.7405983,43.7738356],[-116.7405983,43.7738212],[-116.7405983,43.7738132],[-116.7405983,43.7738052],[-116.7405983,43.7738036],[-116.7406027,43.773778],[-116.7405992,43.773778],[-116.7405992,43.7737779],[-116.7406027,43.7737716],[-116.7406116,43.7737556],[-116.740616,43.7737428],[-116.7406248,43.7737332],[-116.7406204,43.7737332],[-116.7406205,43.7737332],[-116.7406248,43.77373],[-116.7406248,43.7737236],[-116.7406248,43.7737235],[-116.7406337,43.7737236],[-116.7406381,43.7737141],[-116.7406514,43.7737013],[-116.7406647,43.7736885],[-116.7406824,43.7736757],[-116.7407001,43.7736661],[-116.7399075,43.7732088],[-116.7389422,43.7737141],[-116.7393992,43.7741935],[-116.7406114,43.7738676],[-116.7406113,43.7738675],[-116.7406113,43.7738675]]]}},{"type":"Feature","properties":{"platLot":71,"acres":1.58,"phase":3,"status":"future","statusText":"Future Release"},"geometry":{"type":"Polygon","coordinates":[[[-116.7410366,43.7737013],[-116.7410413,43.7737013],[-116.7410417,43.7737014],[-116.7411125,43.7737313],[-116.7413555,43.7729498],[-116.7412226,43.7729498],[-116.7406116,43.7729466],[-116.7404079,43.7729434],[-116.7402263,43.7730393],[-116.7399075,43.7732088],[-116.7407001,43.7736661],[-116.7407223,43.7736565],[-116.74074,43.7736501],[-116.7407665,43.7736437],[-116.7407842,43.7736373],[-116.7408152,43.7736341],[-116.7408219,43.7736341],[-116.740844,43.7736341],[-116.7408772,43.7736341],[-116.7408994,43.7736373],[-116.7409259,43.7736437],[-116.7409437,43.7736501],[-116.7409658,43.7736565],[-116.7409879,43.7736661],[-116.7410056,43.7736757],[-116.7410189,43.7736885],[-116.7410366,43.7737013]]]}},{"type":"Feature","properties":{"platLot":72,"acres":1.73,"phase":3,"status":"future","statusText":"Future Release"},"geometry":{"type":"Polygon","coordinates":[[[-116.7419222,43.7738356],[-116.7420083,43.7738573],[-116.7420087,43.7738574],[-116.7420091,43.7738575],[-116.7420107,43.7738577],[-116.7420109,43.7738577],[-116.7423252,43.7731129],[-116.7419577,43.7729562],[-116.7413555,43.7729498],[-116.7411125,43.7737313],[-116.741115,43.7737323],[-116.7411246,43.7737332],[-116.741123,43.7737332],[-116.7411171,43.7737332],[-116.7411172,43.7737333],[-116.7411173,43.7737333],[-116.741413,43.7737556],[-116.7415585,43.7737716],[-116.7415592,43.7737717],[-116.7416167,43.773778],[-116.7417673,43.7738036],[-116.741816,43.7738132],[-116.7419222,43.7738356]]]}},{"type":"Feature","properties":{"platLot":73,"acres":1.32,"phase":3,"status":"future","statusText":"Future Release"},"geometry":{"type":"Polygon","coordinates":[[[-116.742551,43.7740498],[-116.7426275,43.7740876],[-116.7426297,43.7740884],[-116.7426357,43.7740907],[-116.7426358,43.7740905],[-116.7431266,43.7734582],[-116.7428875,43.7733559],[-116.7428698,43.7733495],[-116.742396,43.7731449],[-116.7423252,43.7731129],[-116.7420109,43.7738577],[-116.7420121,43.7738579],[-116.7420122,43.773858],[-116.7420113,43.773858],[-116.7420121,43.7738583],[-116.7420124,43.7738584],[-116.7420127,43.7738585],[-116.7420462,43.7738675],[-116.7421569,43.7738995],[-116.7421613,43.7738995],[-116.7421665,43.7738995],[-116.742167,43.7738997],[-116.7421746,43.7739027],[-116.7422102,43.7739167],[-116.7422278,43.7739219],[-116.7422281,43.773922],[-116.742228,43.773922],[-116.7422474,43.7739291],[-116.7422765,43.7739379],[-116.742334,43.7739571],[-116.7423562,43.7739667],[-116.7424151,43.773991],[-116.7424359,43.7739986],[-116.7424496,43.774005],[-116.7424497,43.7740051],[-116.7424525,43.7740064],[-116.742489,43.774021],[-116.742551,43.7740498]]]}},{"type":"Feature","properties":{"platLot":74,"acres":1.3,"phase":3,"status":"future","statusText":"Future Release"},"geometry":{"type":"Polygon","coordinates":[[[-116.7428964,43.7742353],[-116.7429574,43.774273],[-116.7429587,43.7742736],[-116.7429587,43.7742737],[-116.743038,43.774312],[-116.74304,43.774313],[-116.7432231,43.7744015],[-116.7432241,43.7744021],[-116.7432604,43.7744196],[-116.7437953,43.7738036],[-116.7433348,43.773551],[-116.7431444,43.7734678],[-116.7431266,43.7734582],[-116.7426358,43.7740905],[-116.7426367,43.774091],[-116.7426376,43.7740914],[-116.7426382,43.7740916],[-116.7426376,43.7740916],[-116.7426524,43.7740997],[-116.7426617,43.7741042],[-116.7427237,43.7741361],[-116.7427768,43.7741649],[-116.7428123,43.7741873],[-116.7428964,43.7742353]]]}},{"type":"Feature","properties":{"platLot":75,"acres":1.07,"phase":3,"status":"future","statusText":"Future Release"},"geometry":{"type":"Polygon","coordinates":[[[-116.74372,43.774555],[-116.7437204,43.7745551],[-116.7442204,43.7746379],[-116.7442425,43.7741521],[-116.7437953,43.7738036],[-116.7432604,43.7744196],[-116.7432624,43.7744206],[-116.7432629,43.7744207],[-116.7432634,43.7744209],[-116.7433122,43.7744367],[-116.7433132,43.774437],[-116.7433658,43.7744541],[-116.7433713,43.7744559],[-116.7433717,43.774456],[-116.7434107,43.7744687],[-116.7434111,43.7744688],[-116.74346,43.7744847],[-116.7434606,43.7744849],[-116.7434797,43.7744911],[-116.7434799,43.7744911],[-116.7434765,43.7744911],[-116.743503,43.7744975],[-116.7435414,43.7745081],[-116.7435617,43.7745135],[-116.7435618,43.7745135],[-116.7436104,43.7745263],[-116.7436105,43.7745263],[-116.7436226,43.7745295],[-116.7436624,43.774539],[-116.7436956,43.7745486],[-116.7437078,43.7745518],[-116.7437079,43.7745519],[-116.74372,43.774555]]]}},{"type":"Feature","properties":{"platLot":76,"acres":1.33,"phase":3,"status":"future","statusText":"Future Release"},"geometry":{"type":"Polygon","coordinates":[[[-116.7443809,43.7746447],[-116.744641,43.7746478],[-116.7446751,43.7746471],[-116.7452644,43.7745698],[-116.7452964,43.7745614],[-116.7453043,43.7745591],[-116.7453098,43.774555],[-116.74531,43.7745549],[-116.7453226,43.7745454],[-116.7453229,43.7745453],[-116.7453312,43.774539],[-116.7453314,43.7745389],[-116.7453569,43.7745199],[-116.7453569,43.7745198],[-116.7453594,43.774518],[-116.74536,43.7745175],[-116.7453647,43.7745107],[-116.7453643,43.7745071],[-116.7453643,43.774507],[-116.7453625,43.7744911],[-116.7453625,43.7744909],[-116.7453607,43.7744751],[-116.7453607,43.7744749],[-116.7453603,43.7744719],[-116.7453603,43.7744719],[-116.7453589,43.7744591],[-116.7453589,43.774459],[-116.7453581,43.7744524],[-116.7453539,43.7744463],[-116.745322,43.7744047],[-116.7453207,43.7744047],[-116.7453206,43.7744046],[-116.7453185,43.7744015],[-116.745317,43.7744015],[-116.745317,43.7744015],[-116.7453163,43.7743999],[-116.7453141,43.7743951],[-116.7453092,43.7743881],[-116.7453072,43.7743856],[-116.7453072,43.7743855],[-116.7452999,43.774376],[-116.7452998,43.7743759],[-116.7452953,43.77437],[-116.74529,43.7743632],[-116.74529,43.7743631],[-116.744951,43.7739219],[-116.7442425,43.7741521],[-116.7442204,43.7746379],[-116.7442219,43.7746382],[-116.744222,43.7746382],[-116.744378,43.7746446],[-116.7443809,43.7746447]]]}},{"type":"Feature","properties":{"platLot":77,"acres":1.19,"phase":3,"status":"future","statusText":"Future Release"},"geometry":{"type":"Polygon","coordinates":[[[-116.7457163,43.7743883],[-116.7457214,43.7743856],[-116.7457482,43.774369],[-116.7461374,43.774037],[-116.7461375,43.7740369],[-116.7461382,43.7740363],[-116.7461554,43.7740146],[-116.7454381,43.773455],[-116.7450491,43.7736981],[-116.7450479,43.7736988],[-116.7450458,43.7737001],[-116.7450468,43.7737013],[-116.7450468,43.7737013],[-116.745044,43.7737013],[-116.7451025,43.773778],[-116.7451027,43.7737783],[-116.7452069,43.7739149],[-116.7452122,43.7739219],[-116.7455488,43.7743632],[-116.7455549,43.7743632],[-116.7456306,43.7744031],[-116.7457163,43.7743883]]]}},{"type":"Feature","properties":{"platLot":78,"acres":1.04,"phase":3,"status":"future","statusText":"Future Release"},"geometry":{"type":"Polygon","coordinates":[[[-116.745044,43.7736981],[-116.7450491,43.7736981],[-116.7454381,43.773455],[-116.7459074,43.7731609],[-116.745531,43.7728283],[-116.7447296,43.7733367],[-116.7447342,43.7733423],[-116.7447561,43.7733687],[-116.7448801,43.7734998],[-116.7448934,43.7735158],[-116.7449908,43.7736373],[-116.745044,43.7736981]]]}},{"type":"Feature","properties":{"platLot":79,"acres":1.05,"phase":3,"status":"future","statusText":"Future Release"},"geometry":{"type":"Polygon","coordinates":[[[-116.744951,43.7739219],[-116.7448447,43.773778],[-116.7448394,43.773778],[-116.7448366,43.7737748],[-116.7447719,43.7737013],[-116.7447691,43.7736981],[-116.744769,43.773698],[-116.7444802,43.7733696],[-116.7437953,43.7738036],[-116.7442425,43.7741521],[-116.744951,43.7739219]]]}},{"type":"Feature","properties":{"platLot":80,"acres":1.03,"phase":3,"status":"future","statusText":"Future Release"},"geometry":{"type":"Polygon","coordinates":[[[-116.7446189,43.773228],[-116.7447296,43.7733367],[-116.745531,43.7728283],[-116.7453451,43.772662],[-116.7451414,43.7724798],[-116.7443576,43.7729914],[-116.7443637,43.7729968],[-116.7444728,43.7730937],[-116.7445525,43.7731609],[-116.7446189,43.773228]]]}},{"type":"Feature","properties":{"platLot":81,"acres":1.03,"phase":3,"status":"future","statusText":"Future Release"},"geometry":{"type":"Polygon","coordinates":[[[-116.7433348,43.773551],[-116.7437953,43.7738036],[-116.7444802,43.7733696],[-116.74448,43.7733694],[-116.7444792,43.7733687],[-116.7444777,43.7733674],[-116.7444425,43.7733367],[-116.744442,43.7733363],[-116.7440465,43.7729914],[-116.7440443,43.7729895],[-116.7440153,43.7729642],[-116.744015,43.772964],[-116.7433348,43.773551]]]}},{"type":"Feature","properties":{"platLot":82,"acres":1.05,"phase":3,"status":"future","statusText":"Future Release"},"geometry":{"type":"Polygon","coordinates":[[[-116.7443222,43.7729626],[-116.7443542,43.7729886],[-116.7443576,43.7729914],[-116.7451414,43.7724798],[-116.7448624,43.7722303],[-116.7447207,43.7721024],[-116.7439768,43.7727004],[-116.7441274,43.7728091],[-116.7441274,43.7728091],[-116.7441717,43.7728411],[-116.7443222,43.7729626]]]}},{"type":"Feature","properties":{"platLot":83,"acres":1.14,"phase":3,"status":"future","statusText":"Future Release"},"geometry":{"type":"Polygon","coordinates":[[[-116.7438009,43.7728088],[-116.7438041,43.7728091],[-116.7436507,43.7727047],[-116.7436444,43.7727004],[-116.7436442,43.7727003],[-116.7436303,43.7726908],[-116.7436302,43.7726908],[-116.7435739,43.7726524],[-116.7434942,43.7726013],[-116.7428698,43.7733495],[-116.7428875,43.7733559],[-116.7431266,43.7734582],[-116.7431444,43.7734678],[-116.7433348,43.773551],[-116.744015,43.772964],[-116.7440131,43.7729626],[-116.7440126,43.7729623],[-116.7438454,43.7728411],[-116.7438013,43.7728091],[-116.7438009,43.7728088]]]}},{"type":"Feature","properties":{"platLot":84,"acres":1.13,"phase":3,"status":"future","statusText":"Future Release"},"geometry":{"type":"Polygon","coordinates":[[[-116.7439635,43.7726908],[-116.7439768,43.7727004],[-116.7447207,43.7721024],[-116.7442912,43.7717219],[-116.7435694,43.7724318],[-116.7435724,43.7724333],[-116.7435711,43.7724328],[-116.7436226,43.7724638],[-116.7436536,43.7724798],[-116.7437244,43.7725277],[-116.7437287,43.7725277],[-116.7437289,43.7725277],[-116.7437296,43.7725283],[-116.7437333,43.7725309],[-116.7438346,43.7726013],[-116.7438357,43.772602],[-116.7439083,43.7726524],[-116.7439088,43.7726528],[-116.7439635,43.7726908]]]}},{"type":"Feature","properties":{"platLot":85,"acres":1.48,"phase":3,"status":"future","statusText":"Future Release"},"geometry":{"type":"Polygon","coordinates":[[[-116.7435619,43.7724272],[-116.7435694,43.7724318],[-116.7442912,43.7717219],[-116.7441938,43.7716356],[-116.7439591,43.7714277],[-116.743472,43.7714373],[-116.743136,43.7722452],[-116.7431385,43.7722463],[-116.7431386,43.7722464],[-116.7431388,43.7722464],[-116.7431461,43.7722496],[-116.7431665,43.7722559],[-116.7432196,43.7722751],[-116.7432285,43.7722783],[-116.7432329,43.7722783],[-116.7432329,43.7722783],[-116.7432418,43.7722815],[-116.7432861,43.7722975],[-116.743348,43.7723263],[-116.7434322,43.7723614],[-116.7435207,43.7724062],[-116.743568,43.7724311],[-116.7435619,43.7724272]]]}},{"type":"Feature","properties":{"platLot":86,"acres":1.34,"phase":3,"status":"future","statusText":"Future Release"},"geometry":{"type":"Polygon","coordinates":[[[-116.7434942,43.7726013],[-116.7434811,43.7725936],[-116.7427843,43.772329],[-116.7427724,43.7723263],[-116.742396,43.7731449],[-116.7428698,43.7733495],[-116.7434942,43.7726013]]]}},{"type":"Feature","properties":{"platLot":87,"acres":1.13,"phase":3,"status":"future","statusText":"Future Release"},"geometry":{"type":"Polygon","coordinates":[[[-116.7430647,43.7722239],[-116.7431296,43.7722445],[-116.7431357,43.7722458],[-116.743136,43.7722452],[-116.743472,43.7714373],[-116.7426537,43.7714497],[-116.7426263,43.7714502],[-116.7426219,43.7721344],[-116.7426316,43.7721357],[-116.7426971,43.772144],[-116.742799,43.77216],[-116.7429274,43.7721888],[-116.7429672,43.7721984],[-116.7430647,43.7722239]]]}},{"type":"Feature","properties":{"platLot":88,"acres":1.14,"phase":3,"status":"future","statusText":"Future Release"},"geometry":{"type":"Polygon","coordinates":[[[-116.7427724,43.7723263],[-116.7427628,43.7723246],[-116.7422382,43.7722784],[-116.7420241,43.7722815],[-116.7419289,43.7722815],[-116.7419178,43.7722815],[-116.741918,43.7722846],[-116.7419182,43.7722846],[-116.741918,43.7722846],[-116.7419577,43.7729562],[-116.7423252,43.7731129],[-116.742396,43.7731449],[-116.7427724,43.7723263]]]}},{"type":"Feature","properties":{"platLot":89,"acres":1.08,"phase":3,"status":"future","statusText":"Future Release"},"geometry":{"type":"Polygon","coordinates":[[[-116.742617,43.7721338],[-116.7426219,43.7721344],[-116.7426263,43.7714502],[-116.7418691,43.7714629],[-116.7418694,43.7714672],[-116.7418694,43.7714672],[-116.7419089,43.7721183],[-116.7419089,43.7721183],[-116.74191,43.7721184],[-116.74192,43.7721184],[-116.7420086,43.7721184],[-116.7420197,43.7721184],[-116.7421835,43.7721152],[-116.7422211,43.7721152],[-116.7422291,43.7721152],[-116.7422322,43.7721152],[-116.7422433,43.7721152],[-116.742365,43.7721152],[-116.7424137,43.7721184],[-116.7424226,43.7721184],[-116.7424934,43.7721216],[-116.7426181,43.772134],[-116.742617,43.7721338]]]}},{"type":"Feature","properties":{"platLot":90,"acres":1.11,"phase":3,"status":"future","statusText":"Future Release"},"geometry":{"type":"Polygon","coordinates":[[[-116.7418578,43.7722803],[-116.7417894,43.7722783],[-116.7416743,43.7722751],[-116.7414307,43.7722559],[-116.741351,43.7722463],[-116.7413148,43.7722412],[-116.7412783,43.7722386],[-116.7411937,43.7722261],[-116.7411917,43.7722258],[-116.7412226,43.7729489],[-116.7413555,43.7729498],[-116.7419577,43.7729562],[-116.741918,43.7722846],[-116.741918,43.7722846],[-116.7418578,43.7722803]]]}},{"type":"Feature","properties":{"platLot":91,"acres":1.17,"phase":3,"status":"future","statusText":"Future Release"},"geometry":{"type":"Polygon","coordinates":[[[-116.7409525,43.7720065],[-116.7409649,43.7720093],[-116.7419086,43.7721183],[-116.7419089,43.7721183],[-116.7418694,43.7714672],[-116.7418606,43.7714631],[-116.7418605,43.7714631],[-116.7418605,43.7714631],[-116.7418602,43.7714629],[-116.741447,43.77127],[-116.7409525,43.7720065]]]}},{"type":"Feature","properties":{"platLot":92,"acres":1.2,"phase":3,"status":"future","statusText":"Future Release"},"geometry":{"type":"Polygon","coordinates":[[[-116.7411694,43.7722201],[-116.7410455,43.7721984],[-116.7409968,43.7721888],[-116.7408684,43.77216],[-116.740802,43.772144],[-116.7407621,43.7721344],[-116.7407134,43.7721216],[-116.740709,43.7721216],[-116.7407089,43.7721216],[-116.7407001,43.7721184],[-116.7406824,43.772112],[-116.7406293,43.7720992],[-116.7406116,43.7720928],[-116.7405584,43.7720769],[-116.740461,43.7720449],[-116.7404592,43.7720444],[-116.7404305,43.7720373],[-116.7404261,43.7720362],[-116.7404261,43.7720362],[-116.7404257,43.7720361],[-116.7406112,43.7729448],[-116.7412226,43.7729489],[-116.7411917,43.7722258],[-116.7411917,43.7722256],[-116.7411851,43.7722239],[-116.7411848,43.7722239],[-116.7411694,43.7722201]]]}},{"type":"Feature","properties":{"platLot":93,"acres":1.2,"phase":3,"status":"future","statusText":"Future Release"},"geometry":{"type":"Polygon","coordinates":[[[-116.7409378,43.7720032],[-116.7409525,43.7720065],[-116.741447,43.77127],[-116.7409249,43.7710264],[-116.740368,43.7718274],[-116.7403775,43.771831],[-116.7409378,43.7720032]]]}},{"type":"Feature","properties":{"platLot":94,"acres":2.27,"phase":3,"status":"future","statusText":"Future Release"},"geometry":{"type":"Polygon","coordinates":[[[-116.7392864,43.7722457],[-116.7392832,43.7722623],[-116.740226,43.7730391],[-116.7404079,43.7729434],[-116.7406112,43.7729448],[-116.7404257,43.7720361],[-116.7404224,43.7720353],[-116.7404222,43.7720352],[-116.7404222,43.7720352],[-116.7404236,43.7720353],[-116.7404189,43.7720335],[-116.7403479,43.7720065],[-116.7403471,43.7720062],[-116.740322,43.7719967],[-116.7403016,43.7719905],[-116.7402752,43.7719789],[-116.7402133,43.7719553],[-116.7402119,43.7719548],[-116.740181,43.7719431],[-116.7401796,43.7719426],[-116.7401795,43.7719425],[-116.7401795,43.7719425],[-116.740182,43.7719426],[-116.7400752,43.7718978],[-116.7400751,43.7718977],[-116.7399116,43.7718292],[-116.7399074,43.7718274],[-116.7399073,43.7718274],[-116.7398387,43.7717987],[-116.7398383,43.7717985],[-116.7396886,43.7717358],[-116.7395316,43.7717662],[-116.7395311,43.7717667],[-116.7394957,43.7718115],[-116.7394973,43.7718115],[-116.7394972,43.7718117],[-116.7394911,43.7718242],[-116.739491,43.7718245],[-116.7393017,43.7722144],[-116.7393,43.7722177],[-116.7392892,43.7722399],[-116.7392892,43.7722401],[-116.7392867,43.7722452],[-116.7392864,43.7722457]]]}},{"type":"Feature","properties":{"platLot":95,"acres":1.24,"phase":3,"status":"future","statusText":"Future Release"},"geometry":{"type":"Polygon","coordinates":[[[-116.7402972,43.7717987],[-116.740368,43.7718274],[-116.7409249,43.7710264],[-116.7408462,43.7709897],[-116.740399,43.7708042],[-116.7403853,43.7707984],[-116.7398278,43.7716036],[-116.7398355,43.7716068],[-116.7398355,43.7716068],[-116.7398571,43.7716158],[-116.7398677,43.7716196],[-116.7399075,43.7716356],[-116.7399395,43.77165],[-116.7399432,43.7716516],[-116.7399432,43.7716516],[-116.7399513,43.7716549],[-116.7399828,43.7716676],[-116.7399954,43.7716733],[-116.7400202,43.7716835],[-116.7400203,43.7716836],[-116.7401202,43.7717251],[-116.7401209,43.7717254],[-116.7401279,43.7717283],[-116.7401279,43.7717283],[-116.7401433,43.7717347],[-116.7401433,43.7717347],[-116.7401505,43.7717377],[-116.7402972,43.7717987]]]}},{"type":"Feature","properties":{"platLot":96,"acres":1.29,"phase":1,"block":2,"lot":12,"status":"sold","statusText":"Sold House","builder":"Waite Homes","lotPrice":225000,"homePrice":null,"address":"27463 Iron Horse Dr","mls":98952749},"geometry":{"type":"Polygon","coordinates":[[[-116.7398012,43.7715908],[-116.7398278,43.7716036],[-116.7403853,43.7707984],[-116.7399693,43.7706242],[-116.7398411,43.7705708],[-116.739839,43.7705696],[-116.7398223,43.7705627],[-116.7392659,43.7713632],[-116.7392672,43.7713638],[-116.7392682,43.7713642],[-116.7392743,43.771367],[-116.7394514,43.7714469],[-116.7395178,43.7714725],[-116.7396634,43.7715352],[-116.739751,43.7715716],[-116.7397526,43.7715723],[-116.739774,43.7715812],[-116.7397742,43.7715813],[-116.739785,43.7715858],[-116.7398012,43.7715908]]]}},{"type":"Feature","properties":{"platLot":97,"acres":1.5,"phase":1,"block":1,"lot":21,"status":"forsale","statusText":"For Sale House","builder":"Bradshaw Custom Homes","lotPrice":215000,"homePrice":1189000,"address":"27502 Commerce Comet Way","mls":98952696},"geometry":{"type":"Polygon","coordinates":[[[-116.7391238,43.7720193],[-116.7391725,43.7719202],[-116.7391683,43.7719202],[-116.7391694,43.7719186],[-116.7391725,43.7719138],[-116.73923,43.7718242],[-116.7392345,43.7718115],[-116.7392699,43.7717667],[-116.7392787,43.7717507],[-116.7392876,43.7717411],[-116.7392964,43.7717315],[-116.7392954,43.7717315],[-116.7392954,43.7717315],[-116.7392981,43.7717283],[-116.7392982,43.7717283],[-116.7393009,43.7717251],[-116.7393348,43.7716853],[-116.7393342,43.7716835],[-116.7393341,43.7716834],[-116.7392942,43.7715728],[-116.739292,43.7715716],[-116.7390839,43.7714725],[-116.7390352,43.7714469],[-116.7388846,43.771367],[-116.7388811,43.771367],[-116.73888,43.7713663],[-116.7388758,43.7713638],[-116.7387385,43.7712806],[-116.7386898,43.7712519],[-116.7386012,43.7711911],[-116.7385146,43.7711286],[-116.7385146,43.7711286],[-116.7385143,43.7711284],[-116.7385143,43.7711284],[-116.7385125,43.7711274],[-116.737968,43.7718562],[-116.7391238,43.7720193]]]}},{"type":"Feature","properties":{"platLot":98,"acres":1.64,"phase":1,"block":1,"lot":22,"status":"reserved","statusText":"Reserved Lot","builder":"CR Construction","lotPrice":225000,"homePrice":null,"address":"27528 Commerce Comet Way","mls":98952697},"geometry":{"type":"Polygon","coordinates":[[[-116.7389953,43.7725021],[-116.7390175,43.7724254],[-116.7390219,43.772403],[-116.7390516,43.7722623],[-116.7390518,43.7722615],[-116.7390564,43.7722399],[-116.7390564,43.7722398],[-116.7390618,43.7722144],[-116.7390839,43.772128],[-116.7390883,43.7721152],[-116.7391049,43.7720705],[-116.7391238,43.7720193],[-116.737968,43.7718562],[-116.7376404,43.7718115],[-116.737629,43.7723553],[-116.7389953,43.7725021]]]}},{"type":"Feature","properties":{"platLot":99,"acres":1.34,"phase":1,"block":1,"lot":23,"status":"sold","statusText":"Sold House","builder":"PRIVATE","lotPrice":225000,"homePrice":null,"address":"27556 Commerce Comet Way","mls":98952699},"geometry":{"type":"Polygon","coordinates":[[[-116.7388404,43.7727963],[-116.738858,43.7727677],[-116.738858,43.7727677],[-116.7388581,43.7727675],[-116.7388581,43.7727675],[-116.7388936,43.7727004],[-116.7388948,43.772698],[-116.7389172,43.7726556],[-116.7389179,43.7726543],[-116.7389455,43.7726021],[-116.7389764,43.7725437],[-116.7389766,43.7725434],[-116.7389804,43.7725362],[-116.7389827,43.7725317],[-116.7389953,43.7725021],[-116.737629,43.7723553],[-116.7376187,43.7728507],[-116.7387208,43.772953],[-116.7387818,43.7728731],[-116.738782,43.7728728],[-116.7388404,43.7727963]]]}},{"type":"Feature","properties":{"platLot":100,"acres":2.26,"phase":3,"status":"future","statusText":"Future Release"},"geometry":{"type":"Polygon","coordinates":[[[-116.7387108,43.7735288],[-116.7387075,43.7735286],[-116.7386942,43.7736501],[-116.7386898,43.7736629],[-116.7389422,43.7737141],[-116.7399054,43.7732076],[-116.740226,43.7730391],[-116.7392832,43.7722623],[-116.7392526,43.772403],[-116.7392525,43.7724033],[-116.7392477,43.7724254],[-116.7392489,43.7724254],[-116.7392489,43.7724255],[-116.7392468,43.77243],[-116.7392467,43.7724303],[-116.7392457,43.7724323],[-116.7392256,43.7725021],[-116.7392167,43.7725437],[-116.7391902,43.7726045],[-116.739168,43.7726556],[-116.7391459,43.7727004],[-116.7391105,43.7727675],[-116.7390928,43.7727963],[-116.7390465,43.7728631],[-116.7390419,43.7728731],[-116.7390416,43.7728738],[-116.7390396,43.7728731],[-116.7389821,43.772953],[-116.7389599,43.7729818],[-116.7389024,43.7730585],[-116.7389057,43.7730585],[-116.7389052,43.7730596],[-116.7388978,43.7730777],[-116.7388975,43.7730784],[-116.7387162,43.7735158],[-116.7387146,43.7735195],[-116.7387109,43.7735286],[-116.7387108,43.7735288]]]}},{"type":"Feature","properties":{"platLot":101,"acres":1.02,"phase":1,"block":1,"lot":24,"status":"available","statusText":"Available Lot","builder":null,"lotPrice":225000,"homePrice":null,"address":"27592 Commerce Comet Way","mls":98952700},"geometry":{"type":"Polygon","coordinates":[[[-116.7385038,43.7733879],[-116.7385348,43.7732888],[-116.7385321,43.7732888],[-116.7385325,43.7732877],[-116.7385348,43.7732824],[-116.7385791,43.77318],[-116.7385824,43.7731724],[-116.7385835,43.7731705],[-116.7386367,43.7730777],[-116.73865,43.7730585],[-116.7387031,43.7729818],[-116.7387208,43.772953],[-116.7376187,43.7728507],[-116.7376153,43.7730154],[-116.7376094,43.7733431],[-116.7385038,43.7733879]]]}},{"type":"Feature","properties":{"platLot":102,"acres":1.06,"phase":1,"block":1,"lot":25,"status":"available","statusText":"Available Lot","builder":null,"lotPrice":225000,"homePrice":null,"address":"27624 Commerce Comet Way","mls":98952701},"geometry":{"type":"Polygon","coordinates":[[[-116.7384418,43.7739251],[-116.7384463,43.7738771],[-116.7384463,43.77381],[-116.7384551,43.7737109],[-116.7384596,43.7736949],[-116.7384635,43.7736629],[-116.7384635,43.7736628],[-116.7384659,43.7736437],[-116.7384773,43.7735286],[-116.7384817,43.7735158],[-116.7384994,43.7734071],[-116.7385004,43.7734007],[-116.7385009,43.7734007],[-116.7385038,43.7733879],[-116.7376094,43.7733431],[-116.7375996,43.7737651],[-116.7375964,43.7739187],[-116.7384418,43.7739251]]]}},{"type":"Feature","properties":{"platLot":103,"acres":1.11,"phase":1,"block":1,"lot":26,"status":"available","statusText":"Available Lot","builder":null,"lotPrice":225000,"homePrice":null,"address":"27662 Commerce Comet Way","mls":98952704},"geometry":{"type":"Polygon","coordinates":[[[-116.7385215,43.7745007],[-116.7384905,43.7743824],[-116.7384861,43.77436],[-116.7384601,43.7742193],[-116.7384596,43.7742161],[-116.7384538,43.7742129],[-116.7384537,43.7742128],[-116.738459,43.7742129],[-116.7384596,43.7742129],[-116.7384463,43.774069],[-116.7384463,43.7740466],[-116.7384418,43.7739251],[-116.7375964,43.7739187],[-116.7375951,43.7739813],[-116.7375872,43.7744943],[-116.7385215,43.7745007]]]}},{"type":"Feature","properties":{"platLot":104,"acres":1.27,"phase":3,"status":"future","statusText":"Future Release"},"geometry":{"type":"Polygon","coordinates":[[[-116.7389378,43.7746797],[-116.7389405,43.7746797],[-116.7389463,43.7746797],[-116.7389463,43.7746797],[-116.7389462,43.7746802],[-116.7389458,43.7746819],[-116.739664,43.7744719],[-116.7393983,43.7741937],[-116.7389422,43.7737141],[-116.7386898,43.7736629],[-116.7386869,43.7736949],[-116.7386868,43.7736951],[-116.7386858,43.7737061],[-116.7386863,43.7737109],[-116.7386863,43.7737109],[-116.7387675,43.7745454],[-116.7387675,43.7745458],[-116.7387676,43.7745459],[-116.7387847,43.7745614],[-116.73882,43.7745934],[-116.7388202,43.7745937],[-116.7388235,43.7745966],[-116.7388235,43.7745967],[-116.7388269,43.7745997],[-116.7388271,43.7745998],[-116.7388271,43.7745998],[-116.7388271,43.7745998],[-116.7388271,43.7745998],[-116.7388536,43.7746126],[-116.7388566,43.7746126],[-116.7388568,43.7746127],[-116.7388625,43.7746158],[-116.7388802,43.7746254],[-116.7388935,43.774635],[-116.7388979,43.7746414],[-116.7389034,43.7746453],[-116.7389112,43.774651],[-116.738915,43.774651],[-116.7389151,43.7746511],[-116.7389201,43.7746574],[-116.7389378,43.7746797]]]}},{"type":"Feature","properties":{"platLot":105,"acres":1.32,"phase":1,"block":1,"lot":27,"status":"available","statusText":"Available Lot","builder":null,"lotPrice":205000,"homePrice":null,"address":"27708 Commerce Comet Way","mls":98952705},"geometry":{"type":"Polygon","coordinates":[[[-116.7385125,43.7748617],[-116.7385125,43.7748617],[-116.738495,43.7748332],[-116.7384817,43.7748044],[-116.7384728,43.7747757],[-116.7384719,43.7747725],[-116.7384719,43.7747725],[-116.7384728,43.7747725],[-116.7384728,43.7747645],[-116.7384728,43.7747517],[-116.7384728,43.7747437],[-116.7384719,43.7747437],[-116.7384719,43.7747436],[-116.7384728,43.7747405],[-116.7384817,43.7747117],[-116.7384795,43.7747117],[-116.7384796,43.7747116],[-116.7384817,43.7747085],[-116.7384835,43.774706],[-116.7384994,43.7746829],[-116.7384969,43.7746829],[-116.738497,43.7746828],[-116.7384994,43.7746797],[-116.7385171,43.7746574],[-116.7385215,43.774651],[-116.7385267,43.7746472],[-116.7385285,43.7746414],[-116.7385285,43.7746412],[-116.7385304,43.774635],[-116.7385305,43.7746348],[-116.7385333,43.7746254],[-116.7385334,43.7746251],[-116.7385362,43.7746158],[-116.7385363,43.7746156],[-116.7385372,43.7746126],[-116.7385372,43.7746125],[-116.738541,43.7745998],[-116.7385411,43.7745995],[-116.738542,43.7745966],[-116.738542,43.7745965],[-116.7385429,43.7745934],[-116.738543,43.7745933],[-116.7385437,43.7745909],[-116.7385437,43.774587],[-116.7385415,43.7745838],[-116.7385414,43.7745838],[-116.7385393,43.7745806],[-116.7385393,43.7745742],[-116.7385393,43.7745614],[-116.7385348,43.7745454],[-116.738524,43.7745091],[-116.7385215,43.7745007],[-116.7375872,43.7744943],[-116.7375651,43.7754216],[-116.7385139,43.7748639],[-116.7385127,43.774862],[-116.7385125,43.7748618],[-116.7385125,43.7748617]]]}},{"type":"Feature","properties":{"platLot":106,"acres":1.86,"phase":3,"status":"future","statusText":"Future Release"},"geometry":{"type":"Polygon","coordinates":[[[-116.738901,43.7748846],[-116.7389088,43.774885],[-116.7389004,43.7748873],[-116.7389004,43.7748873],[-116.7389006,43.7748876],[-116.7389006,43.7748877],[-116.739354,43.7754344],[-116.7400935,43.7754408],[-116.740105,43.7751822],[-116.7401156,43.7749451],[-116.7398721,43.7746925],[-116.739664,43.7744719],[-116.7389458,43.7746819],[-116.7389456,43.7746829],[-116.7389456,43.774683],[-116.7389451,43.774685],[-116.7389446,43.7746875],[-116.7389447,43.7746877],[-116.7389447,43.7746877],[-116.7389555,43.7747085],[-116.7389571,43.7747117],[-116.7389572,43.7747117],[-116.7389555,43.7747117],[-116.7389643,43.7747405],[-116.7389653,43.7747437],[-116.7389653,43.7747437],[-116.7389643,43.7747437],[-116.7389643,43.7747517],[-116.7389643,43.7747645],[-116.7389643,43.7747725],[-116.7389648,43.7747725],[-116.7389648,43.7747725],[-116.7389643,43.7747757],[-116.7389599,43.7748044],[-116.7389422,43.7748332],[-116.7389245,43.774862],[-116.7389201,43.774862],[-116.7389019,43.7748804],[-116.7389016,43.7748817],[-116.7389014,43.7748827],[-116.738901,43.7748844],[-116.738901,43.7748846]]]}},{"type":"Feature","properties":{"platLot":107,"acres":1.3,"phase":1,"block":1,"lot":28,"status":"sold","statusText":"Sold Lot","builder":"Bradshaw Construction","lotPrice":205000,"homePrice":null,"address":"27730 Commerce Comet Way","mls":98952706},"geometry":{"type":"Polygon","coordinates":[[[-116.7387429,43.7749387],[-116.7387127,43.7749387],[-116.7387079,43.7749401],[-116.7387032,43.7749414],[-116.7386969,43.7749387],[-116.738696,43.7749384],[-116.7386544,43.7749324],[-116.7386145,43.7749228],[-116.7386101,43.7749228],[-116.7386096,43.7749225],[-116.7386062,43.7749208],[-116.7385791,43.7749068],[-116.7385747,43.7749068],[-116.7385742,43.7749065],[-116.7385437,43.7748876],[-116.7385424,43.7748876],[-116.7385423,43.7748875],[-116.7385404,43.7748856],[-116.7385385,43.7748844],[-116.7385385,43.7748844],[-116.7385393,43.7748844],[-116.7385206,43.7748655],[-116.7385199,43.7748648],[-116.7385155,43.774863],[-116.7385139,43.7748639],[-116.7375651,43.7754216],[-116.739354,43.7754344],[-116.7389006,43.7748877],[-116.7389003,43.7748876],[-116.7389003,43.7748876],[-116.7388992,43.7748876],[-116.738893,43.7748893],[-116.7388899,43.7748902],[-116.7388888,43.7748905],[-116.7388625,43.7749068],[-116.7388581,43.7749068],[-116.738832,43.7749202],[-116.7388271,43.7749228],[-116.7388226,43.7749228],[-116.7387872,43.7749324],[-116.7387784,43.7749324],[-116.7387732,43.7749333],[-116.7387429,43.7749387]]]}},{"type":"Feature","properties":{"platLot":108,"acres":1.37,"phase":1,"block":2,"lot":11,"status":"forsale","statusText":"For Sale House","builder":"Sunrise Homes","lotPrice":225000,"homePrice":1350000,"address":"27447 Iron Horse Dr","mls":98952746},"geometry":{"type":"Polygon","coordinates":[[[-116.7392613,43.7713617],[-116.7392654,43.7713638],[-116.7392659,43.7713632],[-116.7398223,43.7705627],[-116.739549,43.7704482],[-116.7392566,43.7703277],[-116.73865,43.7709929],[-116.738665,43.7710043],[-116.7392613,43.7713617]]]}},{"type":"Feature","properties":{"platLot":109,"acres":1.02,"phase":1,"block":2,"lot":10,"status":"sold","statusText":"Sold House","builder":"PRIVATE","lotPrice":215000,"homePrice":null,"address":"27411 Iron Horse Dr","mls":98952743},"geometry":{"type":"Polygon","coordinates":[[[-116.7385835,43.7709449],[-116.7385841,43.7709449],[-116.7385846,43.7709452],[-116.738594,43.7709524],[-116.73865,43.7709929],[-116.7392566,43.7703277],[-116.7387341,43.7701071],[-116.738185,43.7706315],[-116.7382053,43.7706475],[-116.7382055,43.7706476],[-116.738368,43.7707754],[-116.7383688,43.770776],[-116.7385835,43.7709449]]]}},{"type":"Feature","properties":{"platLot":110,"acres":1.53,"phase":1,"block":1,"lot":20,"status":"sold","statusText":"Sold Lot","builder":"TBD","lotPrice":215000,"homePrice":null,"address":"27438 Iron Horse Dr","mls":98952695},"geometry":{"type":"Polygon","coordinates":[[[-116.738512,43.771127],[-116.7385127,43.7711272],[-116.7385127,43.7711272],[-116.7384684,43.7710952],[-116.7384684,43.7710952],[-116.7384153,43.7710568],[-116.7383336,43.7709929],[-116.7383331,43.7709925],[-116.7382724,43.7709449],[-116.7382722,43.7709447],[-116.7380563,43.7707756],[-116.7374101,43.7711783],[-116.7376404,43.7718115],[-116.737968,43.7718562],[-116.7385125,43.7711274],[-116.7385121,43.7711272],[-116.738512,43.771127]]]}},{"type":"Feature","properties":{"platLot":111,"acres":1.02,"phase":1,"block":2,"lot":9,"status":"forsale","statusText":"For Sale House","builder":"O'Dwyer Signature Homes","lotPrice":215000,"homePrice":1288000,"address":"27387 Iron Horse Dr","mls":98952741},"geometry":{"type":"Polygon","coordinates":[[[-116.738061,43.7705356],[-116.738185,43.7706315],[-116.7387341,43.7701071],[-116.7384728,43.7697841],[-116.7376385,43.7701571],[-116.7376398,43.7701583],[-116.7376399,43.7701584],[-116.7376506,43.7701679],[-116.7376508,43.7701681],[-116.7376686,43.7701839],[-116.7376689,43.7701842],[-116.737683,43.7701966],[-116.7376831,43.7701967],[-116.737701,43.7702126],[-116.7377014,43.770213],[-116.7377118,43.7702222],[-116.7377119,43.7702224],[-116.7377262,43.770235],[-116.7377266,43.7702354],[-116.7378594,43.7703533],[-116.7380398,43.7705136],[-116.7380433,43.7705164],[-116.738045,43.7705182],[-116.7380646,43.7705356],[-116.7380648,43.7705358],[-116.738061,43.7705356]]]}},{"type":"Feature","properties":{"platLot":112,"acres":1.06,"phase":1,"block":1,"lot":19,"status":"sold","statusText":"Sold Lot","builder":"Bradshaw Construction","lotPrice":215000,"homePrice":null,"address":"17244 Triple Crown Pl","mls":98952692},"geometry":{"type":"Polygon","coordinates":[[[-116.736986,43.7707147],[-116.736992,43.7707147],[-116.736992,43.7707147],[-116.7369914,43.7707149],[-116.7369869,43.7707167],[-116.7374101,43.7711783],[-116.7380563,43.7707756],[-116.7380561,43.7707754],[-116.7380557,43.7707751],[-116.7378928,43.7706475],[-116.737883,43.7706358],[-116.737878,43.7706315],[-116.737878,43.7706314],[-116.7378552,43.770612],[-116.7377599,43.7705356],[-116.7377378,43.7705164],[-116.7376182,43.7704141],[-116.7375901,43.770388],[-116.73759,43.770388],[-116.7374269,43.7703722],[-116.7373192,43.7704301],[-116.7373186,43.7704304],[-116.7373013,43.7704397],[-116.7373012,43.7704397],[-116.7372939,43.7704436],[-116.7372906,43.7704461],[-116.7372861,43.7704493],[-116.7372861,43.7704493],[-116.7372861,43.7704493],[-116.7372834,43.7704493],[-116.7372672,43.770458],[-116.7372551,43.7704652],[-116.7372197,43.7704844],[-116.7371902,43.7704994],[-116.7371763,43.7705068],[-116.7371762,43.7705068],[-116.7371227,43.7705356],[-116.7371227,43.7705356],[-116.7370784,43.7705594],[-116.7370748,43.7705644],[-116.7370745,43.7705647],[-116.7370724,43.7705676],[-116.7370724,43.7705676],[-116.7370397,43.7706123],[-116.7370395,43.7706126],[-116.7370303,43.7706251],[-116.7370302,43.7706253],[-116.7370255,43.7706318],[-116.7370249,43.7706347],[-116.7370205,43.7706571],[-116.737016,43.7706667],[-116.7370072,43.7706891],[-116.7369983,43.7706987],[-116.7369871,43.7707121],[-116.7369869,43.7707126],[-116.736986,43.7707147]]]}},{"type":"Feature","properties":{"platLot":113,"acres":2.79,"phase":1,"block":1,"lot":18,"status":"sold","statusText":"Sold House","builder":"PRIVATE","lotPrice":250000,"homePrice":null,"address":"17222 Triple Crown Pl","mls":98952690},"geometry":{"type":"Polygon","coordinates":[[[-116.7367863,43.7707978],[-116.7367858,43.7707978],[-116.7367858,43.7707978],[-116.7371444,43.7711815],[-116.7366928,43.7713734],[-116.735135,43.7713574],[-116.7351253,43.7717891],[-116.7376404,43.7718115],[-116.7374101,43.7711783],[-116.7369869,43.7707167],[-116.7369847,43.7707176],[-116.7369817,43.7707243],[-116.7369817,43.7707244],[-116.7369817,43.7707244],[-116.7369762,43.7707243],[-116.736954,43.7707434],[-116.7369408,43.7707498],[-116.7369186,43.7707658],[-116.7369142,43.770769],[-116.7369053,43.7707722],[-116.7368788,43.7707818],[-116.7368699,43.770785],[-116.7368695,43.7707852],[-116.736861,43.770785],[-116.7368551,43.7707864],[-116.7368513,43.77079],[-116.7368459,43.7707887],[-116.7368345,43.7707914],[-116.7368123,43.7707946],[-116.7368079,43.7707946],[-116.7367861,43.7707978],[-116.7367863,43.7707978]]]}},{"type":"Feature","properties":{"platLot":114,"acres":2.75,"phase":1,"block":1,"lot":17,"status":"sold","statusText":"Sold Lot","builder":"Bear Homes","lotPrice":250000,"homePrice":null,"address":"17186 Triple Crown Pl","mls":98952689},"geometry":{"type":"Polygon","coordinates":[[[-116.7367858,43.7707978],[-116.7367459,43.7707946],[-116.7367371,43.7707946],[-116.7367282,43.7707914],[-116.7366928,43.770785],[-116.7366839,43.7707818],[-116.7366529,43.7707722],[-116.7366475,43.7707705],[-116.7366397,43.7707658],[-116.7366131,43.7707498],[-116.7366083,43.7707469],[-116.7366042,43.7707434],[-116.7365854,43.7707271],[-116.7365845,43.7707269],[-116.736582,43.7707263],[-116.7365794,43.7707257],[-116.7365733,43.7707243],[-116.7365819,43.7707243],[-116.7365819,43.7707242],[-116.7365819,43.7707241],[-116.7365789,43.7707215],[-116.7365746,43.7707163],[-116.7365713,43.770715],[-116.7365704,43.7707147],[-116.7365702,43.7707146],[-116.7365712,43.7707146],[-116.7365711,43.7707124],[-116.7365711,43.7707121],[-116.7365599,43.7706987],[-116.7365511,43.7706891],[-116.7365422,43.7706667],[-116.7365378,43.7706571],[-116.7365334,43.7706347],[-116.7365334,43.7706331],[-116.7365334,43.7706251],[-116.7365334,43.7706203],[-116.7365334,43.7706171],[-116.7365334,43.7706123],[-116.7365334,43.7706075],[-116.7365334,43.7706043],[-116.7365334,43.7705995],[-116.7365323,43.7705995],[-116.7365323,43.7705995],[-116.7365334,43.7705963],[-116.7365378,43.7705836],[-116.7365422,43.770574],[-116.7365422,43.7705676],[-116.7365422,43.7705644],[-116.7365422,43.7705643],[-116.7365467,43.7705644],[-116.7365575,43.7705409],[-116.7365599,43.7705356],[-116.7360729,43.7706731],[-116.7351518,43.7706603],[-116.7351423,43.7710345],[-116.735135,43.7713574],[-116.7366928,43.7713734],[-116.7371444,43.7711815],[-116.7367858,43.7707978],[-116.7367858,43.7707978],[-116.7367858,43.7707978]]]}},{"type":"Feature","properties":{"platLot":115,"acres":1.44,"phase":1,"block":1,"lot":16,"status":"sold","statusText":"Sold Lot","builder":"Bradshaw Custom Homes","lotPrice":250000,"homePrice":null,"address":"17203 Triple Crown Pl","mls":98952685},"geometry":{"type":"Polygon","coordinates":[[[-116.7365599,43.7705356],[-116.7365601,43.7705352],[-116.7365602,43.7705354],[-116.736572,43.7705225],[-116.7365747,43.7705196],[-116.7365865,43.7705068],[-116.7366175,43.7704844],[-116.7366574,43.7704652],[-116.7366972,43.7704493],[-116.7367052,43.7704461],[-116.7367055,43.770446],[-116.7367105,43.7704461],[-116.7367127,43.7704461],[-116.7367238,43.7704461],[-116.7367366,43.7704442],[-116.7367459,43.7704429],[-116.7364183,43.7700591],[-116.7359489,43.7702446],[-116.7351607,43.7702254],[-116.7351518,43.7706603],[-116.7360729,43.7706731],[-116.7365599,43.7705356]]]}},{"type":"Feature","properties":{"platLot":116,"acres":1.01,"phase":1,"block":1,"lot":15,"status":"sold","statusText":"Sold Lot","builder":"TBD","lotPrice":215000,"homePrice":null,"address":"Triple Crown Pl","mls":98952681},"geometry":{"type":"Polygon","coordinates":[[[-116.7368389,43.7704461],[-116.736845,43.7704461],[-116.7368495,43.7704454],[-116.7368547,43.7704447],[-116.7369291,43.7704339],[-116.7369363,43.7704301],[-116.7370494,43.7703693],[-116.73705,43.770369],[-116.7370613,43.7703629],[-116.7370614,43.7703629],[-116.7370732,43.7703565],[-116.7370718,43.7703565],[-116.7370719,43.7703565],[-116.737078,43.7703533],[-116.737078,43.7703533],[-116.7371072,43.7703383],[-116.7371982,43.7702894],[-116.7371988,43.7702891],[-116.7372994,43.770235],[-116.7373035,43.7702321],[-116.7373289,43.7701265],[-116.737326,43.7701231],[-116.7372419,43.770024],[-116.7371976,43.769976],[-116.7371267,43.7698865],[-116.737078,43.7698257],[-116.7370205,43.7697458],[-116.7369705,43.7696736],[-116.7369699,43.7696728],[-116.736969,43.7696718],[-116.736967,43.7696692],[-116.736312,43.7699344],[-116.7364183,43.7700591],[-116.7367459,43.7704429],[-116.7367497,43.7704423],[-116.7367491,43.7704426],[-116.7367902,43.7704397],[-116.7368035,43.7704429],[-116.7368389,43.7704461]]]}},{"type":"Feature","properties":{"platLot":117,"acres":1.05,"phase":1,"block":2,"lot":8,"status":"forsale","statusText":"For Sale House","builder":"O'Dwyer Signature Homes","lotPrice":215000,"homePrice":null,"address":"27365 Iron Horse Dr","mls":98952740},"geometry":{"type":"Polygon","coordinates":[[[-116.7372818,43.7697469],[-116.7372786,43.7697461],[-116.7373481,43.7698257],[-116.7375211,43.770024],[-116.7375225,43.7700256],[-116.7376076,43.7701231],[-116.7376085,43.7701241],[-116.7376188,43.7701359],[-116.7376188,43.7701359],[-116.7376217,43.7701393],[-116.7376268,43.7701451],[-116.7376327,43.7701519],[-116.7376328,43.7701519],[-116.7376377,43.7701575],[-116.7376385,43.7701571],[-116.7384728,43.7697841],[-116.7382378,43.7694877],[-116.7381578,43.7693879],[-116.7372802,43.7697446],[-116.737281,43.7697458],[-116.7372818,43.7697469]]]}},{"type":"Feature","properties":{"platLot":118,"acres":1.07,"phase":1,"block":2,"lot":7,"status":"available","statusText":"Available Lot","builder":null,"lotPrice":205000,"homePrice":null,"address":"27339 Iron Horse Dr","mls":98952738},"geometry":{"type":"Polygon","coordinates":[[[-116.7370249,43.7693653],[-116.7370274,43.7693653],[-116.7370278,43.7693659],[-116.73707,43.7694292],[-116.7370709,43.7694306],[-116.737151,43.7695507],[-116.7371553,43.7695571],[-116.7371555,43.7695574],[-116.7372299,43.769669],[-116.7372315,43.7696715],[-116.7372802,43.7697446],[-116.7381578,43.7693879],[-116.7378425,43.7689944],[-116.7378219,43.7689687],[-116.736985,43.7692981],[-116.7370249,43.7693653]]]}},{"type":"Feature","properties":{"platLot":119,"acres":1.01,"phase":1,"block":1,"lot":14,"status":"sold","statusText":"Sold Lot","builder":"TBD","lotPrice":215000,"homePrice":null,"address":"27330 Iron Horse Dr","mls":98952677},"geometry":{"type":"Polygon","coordinates":[[[-116.7369667,43.7696689],[-116.7369673,43.769669],[-116.736967,43.7696686],[-116.7369669,43.7696684],[-116.736892,43.7695571],[-116.7368916,43.7695571],[-116.7368915,43.7695569],[-116.7368876,43.7695507],[-116.7368123,43.7694292],[-116.7367756,43.7693653],[-116.7367754,43.7693649],[-116.7367413,43.7693055],[-116.736737,43.7692981],[-116.736737,43.7692981],[-116.7367361,43.7692965],[-116.7366435,43.7691353],[-116.7359046,43.7694612],[-116.736312,43.7699344],[-116.736967,43.7696692],[-116.7369668,43.769669],[-116.7369667,43.7696689]]]}},{"type":"Feature","properties":{"platLot":120,"acres":1.0,"phase":1,"block":2,"lot":6,"status":"available","statusText":"Available Lot","builder":null,"lotPrice":205000,"homePrice":null,"address":"27317 Iron Horse Dr","mls":98952737},"geometry":{"type":"Polygon","coordinates":[[[-116.736892,43.769135],[-116.736985,43.7692981],[-116.7378219,43.7689687],[-116.737512,43.7685818],[-116.7366928,43.7687897],[-116.7368035,43.7689815],[-116.7368035,43.7689815],[-116.736892,43.769135]]]}},{"type":"Feature","properties":{"platLot":121,"acres":2.05,"phase":1,"block":1,"lot":13,"status":"available","statusText":"Available Lot","builder":null,"lotPrice":250000,"homePrice":null,"address":"27296 Iron Horse Dr","mls":98952675},"geometry":{"type":"Polygon","coordinates":[[[-116.735175,43.7695919],[-116.7351616,43.7701817],[-116.7351607,43.7702254],[-116.7359489,43.7702446],[-116.7364183,43.7700591],[-116.736312,43.7699344],[-116.7359046,43.7694612],[-116.7366435,43.7691353],[-116.7366434,43.769135],[-116.7366431,43.7691345],[-116.7365553,43.7689817],[-116.735175,43.7695919]]]}},{"type":"Feature","properties":{"platLot":122,"acres":1.37,"phase":1,"block":1,"lot":12,"status":"available","statusText":"Available Lot","builder":null,"lotPrice":225000,"homePrice":null,"address":"27284 Iron Horse Dr","mls":98952674},"geometry":{"type":"Polygon","coordinates":[[[-116.7364819,43.7688539],[-116.7364448,43.7687897],[-116.7364227,43.7687513],[-116.7364227,43.7687513],[-116.7351917,43.768908],[-116.7351816,43.7692996],[-116.735175,43.7695919],[-116.7365553,43.7689817],[-116.7365552,43.7689815],[-116.7365551,43.7689813],[-116.7364819,43.7688539]]]}},{"type":"Feature","properties":{"platLot":123,"acres":1.04,"phase":1,"block":2,"lot":5,"status":"sold","statusText":"Sold House","builder":"PRIVATE","lotPrice":225000,"homePrice":null,"address":"27261 Iron Horse Dr","mls":98952734},"geometry":{"type":"Polygon","coordinates":[[[-116.7365276,43.7685056],[-116.7365245,43.7685051],[-116.7365604,43.7685658],[-116.7365605,43.768566],[-116.7366701,43.7687513],[-116.7366719,43.7687543],[-116.7366928,43.7687897],[-116.737512,43.7685818],[-116.737512,43.7682285],[-116.737512,43.7682205],[-116.7364249,43.7682205],[-116.7364163,43.7682205],[-116.7364164,43.7682213],[-116.7364165,43.7682224],[-116.7364258,43.7682461],[-116.7364259,43.7682464],[-116.7365098,43.7684603],[-116.7365104,43.7684618],[-116.7365274,43.7685051],[-116.7365276,43.7685056]]]}},{"type":"Feature","properties":{"platLot":124,"acres":1.22,"phase":1,"block":1,"lot":11,"status":"sold","statusText":"Sold Lot","builder":"Urban Homes","lotPrice":250000,"homePrice":null,"address":"27268 Iron Horse Dr","mls":98952673},"geometry":{"type":"Polygon","coordinates":[[[-116.7363204,43.7685727],[-116.7363164,43.7685658],[-116.736281,43.7685051],[-116.7362588,43.7684603],[-116.7362411,43.7684124],[-116.736219,43.7683516],[-116.7350987,43.7683612],[-116.7351961,43.7686554],[-116.7351917,43.768908],[-116.7364227,43.7687513],[-116.7363204,43.7685727]]]}},{"type":"Feature","properties":{"platLot":125,"acres":1.2,"phase":1,"block":1,"lot":10,"status":"sold","statusText":"Sold Lot","builder":"Bradshaw Construction","lotPrice":250000,"homePrice":null,"address":"27246 Iron Horse Dr","mls":98952669},"geometry":{"type":"Polygon","coordinates":[[[-116.736219,43.7683516],[-116.7362101,43.7683164],[-116.736188,43.7682461],[-116.7361836,43.7682205],[-116.7361703,43.7681406],[-116.7361703,43.7681278],[-116.7361659,43.7680318],[-116.7361659,43.7678991],[-116.7361659,43.7678911],[-116.734988,43.7678815],[-116.7349659,43.7679711],[-116.7350987,43.7683612],[-116.736219,43.7683516]]]}},{"type":"Feature","properties":{"platLot":126,"acres":1.08,"phase":1,"block":2,"lot":4,"status":"sold","statusText":"Sold House","builder":"Bradshaw Construction","lotPrice":225000,"homePrice":1649000,"address":"27225 Iron Horse Dr","mls":98952726},"geometry":{"type":"Polygon","coordinates":[[[-116.7364163,43.7682205],[-116.7364249,43.7682205],[-116.737512,43.7682205],[-116.737512,43.7682125],[-116.737512,43.7677872],[-116.737512,43.7677792],[-116.7363917,43.7677824],[-116.7363917,43.7677904],[-116.7363917,43.7678831],[-116.7363917,43.7678911],[-116.7363917,43.7678991],[-116.7363917,43.7680318],[-116.7363959,43.7680318],[-116.7363962,43.7680347],[-116.7364063,43.7681278],[-116.7364066,43.7681302],[-116.7364077,43.7681406],[-116.7364077,43.768141],[-116.7364163,43.7682205]]]}},{"type":"Feature","properties":{"platLot":127,"acres":1.24,"phase":1,"block":1,"lot":9,"status":"forsale","statusText":"For Sale House","builder":"Sunrise Homes","lotPrice":250000,"homePrice":1250000,"address":"27202 Iron Horse Dr","mls":98952665},"geometry":{"type":"Polygon","coordinates":[[[-116.7361659,43.7678911],[-116.7361659,43.7678831],[-116.7361659,43.7677904],[-116.7361659,43.7677824],[-116.7361659,43.7677744],[-116.7361659,43.7676209],[-116.7361659,43.7676129],[-116.7361659,43.767605],[-116.7361659,43.7675938],[-116.7361703,43.7675106],[-116.7361747,43.7674754],[-116.7361791,43.7674275],[-116.7351076,43.7673507],[-116.734988,43.7678815],[-116.7361659,43.7678911]]]}},{"type":"Feature","properties":{"platLot":128,"acres":1.22,"phase":1,"block":2,"lot":3,"status":"forsale","statusText":"For Sale House","builder":"Black Canyon Homes","lotPrice":225000,"homePrice":1799900,"address":"27181 Iron Horse Dr","mls":98952723},"geometry":{"type":"Polygon","coordinates":[[[-116.7363917,43.7677744],[-116.7363917,43.7677824],[-116.737512,43.7677792],[-116.737512,43.7677712],[-116.737512,43.76733],[-116.737512,43.767322],[-116.73659,43.7672573],[-116.7363972,43.7675938],[-116.7363963,43.7675952],[-116.7363963,43.7675955],[-116.7363961,43.7676129],[-116.7363961,43.7676133],[-116.7363917,43.7676129],[-116.7363917,43.7676209],[-116.7363917,43.7677744]]]}},{"type":"Feature","properties":{"platLot":129,"acres":1.2,"phase":1,"block":1,"lot":8,"status":"sold","statusText":"Sold Lot","builder":"Blackstone Homes","lotPrice":250000,"homePrice":null,"address":"27158 Iron Horse Dr","mls":98952662},"geometry":{"type":"Polygon","coordinates":[[[-116.7361791,43.7674275],[-116.7361924,43.7673603],[-116.7362013,43.7673284],[-116.7362278,43.7672484],[-116.7362323,43.7672292],[-116.7362766,43.7671333],[-116.7362747,43.7671333],[-116.7362751,43.7671326],[-116.7362701,43.7671301],[-116.7362699,43.76713],[-116.7362766,43.7671301],[-116.7363297,43.7670374],[-116.735236,43.766772],[-116.7351076,43.7673507],[-116.7361791,43.7674275]]]}},{"type":"Feature","properties":{"platLot":130,"acres":1.39,"phase":1,"block":2,"lot":2,"status":"sold","statusText":"Sold House","builder":"PRIVATE","lotPrice":225000,"homePrice":null,"address":"Iron Horse Dr","mls":98952717},"geometry":{"type":"Polygon","coordinates":[[[-116.7368876,43.7667304],[-116.7368921,43.7667304],[-116.7368927,43.7667304],[-116.7368921,43.7667311],[-116.7368907,43.7667329],[-116.73659,43.7672573],[-116.737512,43.767322],[-116.737512,43.767314],[-116.737512,43.7663371],[-116.7374721,43.7663083],[-116.7374721,43.7663083],[-116.737047,43.7666153],[-116.7369496,43.7666888],[-116.7368876,43.7667304]]]}},{"type":"Feature","properties":{"platLot":131,"acres":1.25,"phase":1,"block":1,"lot":7,"status":"reserved","statusText":"Reserved Lot","builder":"Waite Homes","lotPrice":250000,"homePrice":null,"address":"27142 Iron Horse Dr","mls":98952661},"geometry":{"type":"Polygon","coordinates":[[[-116.7363297,43.7670374],[-116.7363385,43.7670246],[-116.7363917,43.7669446],[-116.7364094,43.7669191],[-116.7364625,43.7668551],[-116.7364935,43.7668199],[-116.7365422,43.7667688],[-116.7365865,43.7667304],[-116.7366352,43.7666888],[-116.7359666,43.7663115],[-116.7353954,43.7665066],[-116.735391,43.7666249],[-116.735236,43.766772],[-116.7363297,43.7670374]]]}},{"type":"Feature","properties":{"platLot":132,"acres":1.14,"phase":1,"block":1,"lot":6,"status":"sold","statusText":"Sold Lot","builder":"Greystone Homes","lotPrice":235000,"homePrice":null,"address":"27120 Iron Horse Dr","mls":98952660},"geometry":{"type":"Polygon","coordinates":[[[-116.7366352,43.7666888],[-116.7367282,43.7666153],[-116.7371489,43.7663083],[-116.7372197,43.7662603],[-116.7363208,43.7658638],[-116.7362146,43.7660269],[-116.7359666,43.7663115],[-116.7366352,43.7666888]]]}},{"type":"Feature","properties":{"platLot":133,"acres":1.26,"phase":1,"block":1,"lot":5,"status":"available","statusText":"Available Lot","builder":null,"lotPrice":225000,"homePrice":null,"address":"Iron Horse Dr","mls":98952658},"geometry":{"type":"Polygon","coordinates":[[[-116.7377201,43.765899],[-116.7377224,43.7658943],[-116.7377224,43.7658862],[-116.7377224,43.7658858],[-116.7377224,43.7657935],[-116.7377224,43.7657932],[-116.7377224,43.765783],[-116.7377201,43.7657807],[-116.7376935,43.7657615],[-116.7376669,43.7657391],[-116.737663,43.7657391],[-116.737663,43.7657391],[-116.7376628,43.765739],[-116.7376285,43.7657109],[-116.737618,43.7657071],[-116.7376165,43.7657066],[-116.7375363,43.7656784],[-116.737543,43.7656784],[-116.7374987,43.765672],[-116.7374588,43.7656624],[-116.7374544,43.7656624],[-116.7374541,43.7656623],[-116.7374145,43.7656464],[-116.7373791,43.765624],[-116.7373769,43.765624],[-116.7373768,43.7656239],[-116.7373727,43.7656199],[-116.7373703,43.7656176],[-116.737357,43.7656048],[-116.7373503,43.7655984],[-116.7373526,43.7655984],[-116.7373437,43.7655888],[-116.7373314,43.765574],[-116.7373304,43.7655769],[-116.7373304,43.7655728],[-116.7373281,43.76557],[-116.7364183,43.7657167],[-116.7363208,43.7658638],[-116.7372197,43.7662603],[-116.7372275,43.7662547],[-116.7377201,43.765899]]]}},{"type":"Feature","properties":{"platLot":134,"acres":1.12,"phase":1,"block":1,"lot":4,"status":"sold","statusText":"Sold House","builder":"PRIVATE","lotPrice":205000,"homePrice":null,"address":"17216 Pins Triple Ct","mls":98952657},"geometry":{"type":"Polygon","coordinates":[[[-116.7373277,43.7655696],[-116.7373259,43.7655674],[-116.7373304,43.7655696],[-116.7373216,43.7655601],[-116.7373206,43.7655601],[-116.7373206,43.76556],[-116.7373209,43.7655594],[-116.7373212,43.7655588],[-116.737319,43.7655507],[-116.7373171,43.7655441],[-116.7373138,43.7655441],[-116.7373138,43.765544],[-116.7373127,43.7655377],[-116.7373083,43.7655121],[-116.737307,43.7655121],[-116.737307,43.765512],[-116.7373077,43.7655087],[-116.7373072,43.7655057],[-116.7373072,43.7655057],[-116.7373083,43.7655057],[-116.7373127,43.7654833],[-116.7373127,43.7654737],[-116.7373171,43.7654513],[-116.737318,43.7654469],[-116.7373216,43.7654417],[-116.7373348,43.7654226],[-116.7373393,43.765413],[-116.737357,43.765397],[-116.7373658,43.7653842],[-116.7373836,43.7653746],[-116.737395,43.7653636],[-116.7373928,43.7653635],[-116.7373968,43.7653618],[-116.7366352,43.7646935],[-116.7365201,43.7655569],[-116.7364183,43.7657167],[-116.7373281,43.76557],[-116.7373278,43.7655696],[-116.7373277,43.7655696]]]}},{"type":"Feature","properties":{"platLot":135,"acres":1.24,"phase":1,"block":1,"lot":3,"status":"available","statusText":"Available Lot","builder":null,"lotPrice":190000,"homePrice":null,"address":"17241 Pins Triple Ct","mls":98952550},"geometry":{"type":"Polygon","coordinates":[[[-116.7377112,43.7653618],[-116.7377289,43.7653746],[-116.7377302,43.7653718],[-116.7380334,43.7647087],[-116.7377909,43.7647063],[-116.7366352,43.7646935],[-116.7373968,43.7653618],[-116.7374033,43.765359],[-116.7374041,43.7653587],[-116.737413,43.7653548],[-116.7374142,43.7653522],[-116.7374142,43.7653521],[-116.737419,43.7653522],[-116.7374367,43.7653426],[-116.7374588,43.7653362],[-116.7374765,43.7653298],[-116.7375031,43.7653266],[-116.7375208,43.7653234],[-116.737554,43.7653234],[-116.7375762,43.7653234],[-116.7375828,43.7653234],[-116.7376094,43.7653266],[-116.7376315,43.7653298],[-116.7376537,43.7653362],[-116.7376625,43.7653388],[-116.7376714,43.7653426],[-116.7376935,43.7653522],[-116.7376938,43.7653522],[-116.7376938,43.7653522],[-116.7376939,43.7653524],[-116.7376952,43.765353],[-116.7376949,43.765353],[-116.7377112,43.7653618]]]}},{"type":"Feature","properties":{"platLot":136,"acres":1.22,"phase":1,"block":1,"lot":2,"status":"available","statusText":"Available Lot","builder":null,"lotPrice":190000,"homePrice":null,"address":"Iron Horse Dr","mls":98952452},"geometry":{"type":"Polygon","coordinates":[[[-116.7379546,43.765688],[-116.7379614,43.765688],[-116.7379614,43.765688],[-116.7379725,43.765688],[-116.7379808,43.7656865],[-116.7379808,43.7656865],[-116.7379865,43.7656848],[-116.7379866,43.7656847],[-116.7379973,43.7656816],[-116.7379977,43.7656815],[-116.738019,43.7656752],[-116.7380194,43.765675],[-116.7380336,43.7656709],[-116.7380433,43.7656656],[-116.7380699,43.7656464],[-116.7385127,43.7653234],[-116.7385127,43.7647135],[-116.7380334,43.7647087],[-116.7377302,43.7653718],[-116.7377313,43.7653746],[-116.7377314,43.7653747],[-116.7377314,43.7653748],[-116.7377323,43.765377],[-116.7377422,43.7653842],[-116.7377555,43.765397],[-116.7377688,43.765413],[-116.7377776,43.7654226],[-116.7377865,43.7654417],[-116.7377909,43.7654513],[-116.7377998,43.7654737],[-116.7377998,43.7654753],[-116.7377998,43.7654833],[-116.7377998,43.7654913],[-116.7377998,43.7654977],[-116.7377998,43.7655057],[-116.7378009,43.7655057],[-116.7378009,43.7655057],[-116.7377998,43.7655121],[-116.7377954,43.7655377],[-116.7377961,43.7655377],[-116.7377971,43.7655377],[-116.7377971,43.7655378],[-116.7377967,43.7655394],[-116.7377983,43.7655441],[-116.7377983,43.7655441],[-116.7377999,43.7655488],[-116.7378189,43.7656048],[-116.7378189,43.765605],[-116.7378232,43.7656176],[-116.7378233,43.7656177],[-116.7378237,43.7656189],[-116.7378308,43.765624],[-116.7378573,43.7656464],[-116.7378795,43.7656624],[-116.7378895,43.7656678],[-116.7378929,43.7656689],[-116.7379029,43.765672],[-116.7379034,43.7656721],[-116.7379105,43.7656743],[-116.7379546,43.765688]]]}}]}